{"type": "FeatureCollection", "features": [{"type": "Feature", "geometry": {"type": "MultiPolygon", "coordinates": [[[[-76.60376660787621, 39.2845], [-76.60372121669644, 39.28435385255896], [-76.60399725241656, 39.28442735067843], [-76.60424952077064, 39.28439534669356], [-76.60425509006068, 39.284059303089386], [-76.60436255446675, 39.28392665850981], [-76.60447707925483, 39.28417445555266], [-76.60440044164012, 39.28438012887402], [-76.60464736420516, 39.2845], [-76.60376660787621, 39.2845]]], [[[-76.60545112661177, 39.2845], [-76.60544308645716, 39.28433886937422], [-76.60565903602082, 39.28442797832808], [-76.60564873274639, 39.2845], [-76.60545112661177, 39.2845]]]]}, "properties": {}}, {"type": "Feature", "geometry": {"type": "Polygon", "coordinates": [[[-76.58999999999999, 39.280106730408704], [-76.59018299410926, 39.28032901881539], [-76.58999999999999, 39.28042437240216], [-76.58999999999999, 39.280106730408704]]]}, "properties": {}}, {"type": "Feature", "geometry": {"type": "Polygon", "coordinates": [[[-76.60607775561844, 39.26329983555257], [-76.60401733219815, 39.26164354329076], [-76.59926354062402, 39.25802558550806], [-76.602265732445, 39.256714513916634], [-76.60515551850604, 39.25952342609802], [-76.60641866245034, 39.26040714704345], [-76.60828094319724, 39.26192804919738], [-76.60817292838415, 39.26213772348263], [-76.6078141371954, 39.26236606707317], [-76.6074348727206, 39.2623434769224], [-76.60717193699676, 39.262413445348486], [-76.60670167948065, 39.26233461261962], [-76.60664865275605, 39.262422702716115], [-76.60668944285713, 39.2627846315035], [-76.6069164528275, 39.263138638452524], [-76.6066364161595, 39.26331018997826], [-76.60607775561844, 39.26329983555257]]]}, "properties": {}}, {"type": "Feature", "geometry": {"type": "Polygon", "coordinates": [[[-76.6203168540072, 39.27378660195737], [-76.62029222331294, 39.27381162473824], [-76.62028986986009, 39.27381193952554], [-76.6203168540072, 39.27378660195737]]]}, "properties": {}}, {"type": "Feature", "geometry": {"type": "Polygon", "coordinates": [[[-76.60364771533438, 39.26223091180632], [-76.60421539669106, 39.26260272563385], [-76.60474448496953, 39.263139735631356], [-76.60547705052997, 39.263670313906616], [-76.6053269138352, 39.26370043661564], [-76.60358213903298, 39.2622980583172], [-76.60364771533438, 39.26223091180632]]]}, "properties": {}}, {"type": "Feature", "geometry": {"type": "Polygon", "coordinates": [[[-76.61836279641244, 39.263049292509194], [-76.61854031025979, 39.26278643410384], [-76.61876284798998, 39.26268971622679], [-76.61916337084342, 39.26276062712689], [-76.61869829149502, 39.26288707469823], [-76.61852305286617, 39.263096279599246], [-76.61836279641244, 39.263049292509194]]]}, "properties": {}}, {"type": "Feature", "geometry": {"type": "Polygon", "coordinates": [[[-76.59719488219419, 39.28254130313066], [-76.59747515356322, 39.28249266944553], [-76.59738635752527, 39.28264508228139], [-76.59743303077259, 39.28267583083195], [-76.59800855571099, 39.28273364173958], [-76.59805342406538, 39.28293845265177], [-76.59708592675342, 39.282886917011375], [-76.59719488219419, 39.28254130313066]]]}, "properties": {}}, {"type": "Feature", "geometry": {"type": "Polygon", "coordinates": [[[-76.5908904574252, 39.275993633104584], [-76.59201930922677, 39.276193111222135], [-76.59213140229546, 39.2758660101752], [-76.59237300233089, 39.275586600299405], [-76.59225635972382, 39.275489411185546], [-76.59261656372799, 39.27523745670029], [-76.59351879767378, 39.275533024983645], [-76.59339156592218, 39.27537716253623], [-76.59354970360303, 39.27520788530541], [-76.59387249078577, 39.27505414066917], [-76.59407416410997, 39.27528460020434], [-76.59424391166183, 39.275117990281224], [-76.59445060480161, 39.275109127806196], [-76.59482673166347, 39.27535661005231], [-76.59500377426629, 39.27517242979379], [-76.5949096445264, 39.275066847598424], [-76.59478351081823, 39.27513407234268], [-76.59464764943522, 39.275080104056414], [-76.59451861370337, 39.27479771396155], [-76.59429042749255, 39.27477418130647], [-76.5943857334754, 39.27459133470525], [-76.59428587701848, 39.27427662770931], [-76.59468969394008, 39.274010632600486], [-76.59500236230554, 39.27394983956442], [-76.59531032375266, 39.2736829038231], [-76.59596672196531, 39.27358610583613], [-76.59623185468664, 39.273628229554895], [-76.59635806757376, 39.273827864171935], [-76.59649800721921, 39.27387618305424], [-76.59716507387826, 39.27610156945404], [-76.59340317497224, 39.277174492530314], [-76.59243528558306, 39.27727999653397], [-76.59049283757348, 39.27703541634797], [-76.5908904574252, 39.275993633104584]], [[-76.59607026558976, 39.27487874457198], [-76.59603951609311, 39.27472303858339], [-76.59642050629775, 39.27456137025101], [-76.59639422901452, 39.274421195000585], [-76.59619859533953, 39.27452371874276], [-76.59550101494985, 39.27443805942636], [-76.59543410407673, 39.274733784207854], [-76.5955334902072, 39.27490894366379], [-76.59587620119697, 39.27503178326055], [-76.59607026558976, 39.27487874457198]]]}, "properties": {}}, {"type": "Feature", "geometry": {"type": "Polygon", "coordinates": [[[-76.62006591877177, 39.26511559962968], [-76.61962978400928, 39.265283699679074], [-76.61964602164028, 39.26555816608412], [-76.61952930081677, 39.26569724237899], [-76.61959393649184, 39.26578721560589], [-76.6195629523284, 39.26606481870778], [-76.61962994147017, 39.26637858506889], [-76.62000222475577, 39.266514837575016], [-76.61927248299914, 39.26652040877491], [-76.61928377900774, 39.26641498303791], [-76.61913073937161, 39.26631449890555], [-76.61912069877194, 39.26618679592902], [-76.61917043044383, 39.26557338391567], [-76.619300722493, 39.265251695715826], [-76.61914054426732, 39.2651540353545], [-76.62006591877177, 39.26511559962968]]]}, "properties": {}}, {"type": "Feature", "geometry": {"type": "Polygon", "coordinates": [[[-76.58999999999999, 39.2612208095285], [-76.59637438278561, 39.26352896366414], [-76.59897362111845, 39.26406424877515], [-76.60026657200781, 39.264245133959086], [-76.6003743512034, 39.26415280820442], [-76.60037662550278, 39.26429831807255], [-76.60064960276301, 39.264443198356545], [-76.60125642572332, 39.264267254700535], [-76.60161325651963, 39.26472488247775], [-76.60134506534393, 39.26484568250044], [-76.60134051490607, 39.2649369875214], [-76.60162329712563, 39.26495542211364], [-76.60151418520933, 39.26508594886537], [-76.60155254268297, 39.26525004793449], [-76.60184387446915, 39.26563864793366], [-76.6021534052136, 39.26567041534162], [-76.60201809332357, 39.265820317332924], [-76.60223521915886, 39.266084038128575], [-76.60257738158272, 39.265935391552574], [-76.60289718760905, 39.265914133167286], [-76.60343160950664, 39.26536378845089], [-76.60355656695857, 39.26536857358254], [-76.6037051352986, 39.2652255745549], [-76.6037957353214, 39.26527444291957], [-76.60414370175388, 39.26520008050934], [-76.6046116057871, 39.264788890317085], [-76.60446790079742, 39.264645500144724], [-76.60454139984918, 39.264362011081516], [-76.60432984332833, 39.264157593193865], [-76.60165687020184, 39.26199950983892], [-76.60192749307275, 39.262061949432145], [-76.60468086917224, 39.26433808725718], [-76.60504452373257, 39.26416873178741], [-76.60511363070505, 39.26452320812888], [-76.60478268607788, 39.26487964771383], [-76.60402925522588, 39.265423717185705], [-76.60358158975559, 39.265600132085005], [-76.60354668284933, 39.26569920433908], [-76.60333559666118, 39.2657327766698], [-76.60309454610736, 39.26602999157415], [-76.60356911751109, 39.26610929555233], [-76.60323974121853, 39.266253943027856], [-76.60276313114711, 39.26614208559406], [-76.60259824696429, 39.26632681533237], [-76.60243728457279, 39.266360465892525], [-76.60241681130685, 39.26643577078912], [-76.60251266678577, 39.26650464210373], [-76.60157231007723, 39.266330108527846], [-76.60117672977367, 39.26657712141592], [-76.60089653666577, 39.267111935384655], [-76.60075871490716, 39.26801668006195], [-76.6008173892009, 39.26837319786333], [-76.60066293768132, 39.268305345418035], [-76.60067133077165, 39.2684462266117], [-76.60049130790243, 39.26808970881481], [-76.60063156133721, 39.267056791773825], [-76.60053829399367, 39.26681079963372], [-76.60008231364755, 39.26657814218627], [-76.59971693241299, 39.2667217670708], [-76.59961464521062, 39.26652872249272], [-76.5996412363261, 39.266282730348145], [-76.59933296193218, 39.26618609072204], [-76.59914674111569, 39.265933745101385], [-76.59909504803049, 39.2657798421543], [-76.59920541536425, 39.26555463713079], [-76.59846029932295, 39.26544897672851], [-76.59812284378569, 39.26528730842298], [-76.59818528339306, 39.26524008663131], [-76.59923883122406, 39.26547925400259], [-76.59937516289023, 39.26496703206673], [-76.59919514005048, 39.2650899499141], [-76.59926244207972, 39.26480418656093], [-76.59897589544478, 39.26464785287013], [-76.59896248159336, 39.26451607069991], [-76.59950419951045, 39.26455129144403], [-76.5996672005552, 39.2643143983177], [-76.60019197492086, 39.26444061115886], [-76.60032312846275, 39.264429235977836], [-76.60033262050034, 39.2643467151928], [-76.5999219788222, 39.264246780550536], [-76.59926479549733, 39.264228897315235], [-76.5966171591064, 39.26365109732203], [-76.59654907199493, 39.26430984799068], [-76.59630653040938, 39.264870470774284], [-76.5965376195589, 39.26498162227456], [-76.59585925702254, 39.26499228967072], [-76.5958494520657, 39.265160076779814], [-76.59563907181338, 39.26508194812108], [-76.59552721435213, 39.26512815104742], [-76.5952511786249, 39.26493879265127], [-76.59537605690669, 39.26481916982582], [-76.59563295300786, 39.26484897773257], [-76.59543786879918, 39.264719784646445], [-76.59478484289215, 39.26458196194051], [-76.59287526310578, 39.26395411635989], [-76.59252400165087, 39.263996081776575], [-76.59243685310109, 39.26379127086614], [-76.59251607887087, 39.26373055793246], [-76.59249301743894, 39.26348276088616], [-76.59266009768764, 39.26340486876944], [-76.59259012738227, 39.26310483010604], [-76.59228381343542, 39.26321017762282], [-76.5916002745942, 39.26301972028091], [-76.5914500587405, 39.26310734099463], [-76.59101800312445, 39.26249957467782], [-76.59053833272942, 39.26244333211394], [-76.59004956334036, 39.26288158468397], [-76.59021954652782, 39.262889351909415], [-76.5904479683906, 39.263356941119746], [-76.59130580524327, 39.263640821303966], [-76.59184563909793, 39.263736989672296], [-76.59159996077233, 39.263571791650094], [-76.59172303508875, 39.263566380660265], [-76.59230012931239, 39.26372475393703], [-76.59232311251229, 39.26395694015114], [-76.59254070959389, 39.264171006542256], [-76.59253482644357, 39.264434727346135], [-76.59337415140502, 39.264935654163246], [-76.59330465144872, 39.26514015215516], [-76.59347706632272, 39.2651912165757], [-76.59301990880043, 39.265218671987796], [-76.59279925327738, 39.26537422152346], [-76.59240077002823, 39.265421050309286], [-76.59141970239517, 39.26511669779278], [-76.59132525880585, 39.26511293338967], [-76.59140942618302, 39.26518682453438], [-76.59134204497511, 39.26521020073817], [-76.59084809832535, 39.26504759180242], [-76.590896811164, 39.26498585814018], [-76.58999999999999, 39.26473190063365], [-76.58999999999999, 39.26403667213513], [-76.59024676543919, 39.26401639959853], [-76.5902165654289, 39.263956234286745], [-76.58999999999999, 39.26396802267062], [-76.59007529305141, 39.263761777824676], [-76.58999999999999, 39.26362000596236], [-76.58999999999999, 39.262158965869176], [-76.59006062368115, 39.26207340328037], [-76.58999999999999, 39.26197424478584], [-76.58999999999999, 39.2612208095285]]]}, "properties": {}}, {"type": "Feature", "geometry": {"type": "Polygon", "coordinates": [[[-76.58999999999999, 39.2755440415192], [-76.59018464038995, 39.275484313201744], [-76.59072675040365, 39.27567688651424], [-76.59061371576306, 39.275932370703565], [-76.5908904574252, 39.275993633104584], [-76.59049283757348, 39.27703541634797], [-76.58999999999999, 39.276900027143085], [-76.58999999999999, 39.2755440415192]]]}, "properties": {}}, {"type": "Feature", "geometry": {"type": "Polygon", "coordinates": [[[-76.59338780093258, 39.28104558029117], [-76.59328449302159, 39.281194854569996], [-76.59351322871858, 39.2813104782823], [-76.59358029607951, 39.281430650580965], [-76.59327798309296, 39.28149167830998], [-76.59323844845149, 39.28172206148564], [-76.59282623750492, 39.28179579618656], [-76.59182061742645, 39.281804189304545], [-76.59190815804163, 39.281658915989176], [-76.5918768599291, 39.2804183624075], [-76.59222200259697, 39.28044620894523], [-76.59224067195585, 39.28143245553422], [-76.59232185911355, 39.281727943754284], [-76.59308329099164, 39.28169374369143], [-76.593096783034, 39.281175794125346], [-76.59302516522486, 39.280977964409715], [-76.59319805041902, 39.28106315249616], [-76.59338780093258, 39.28104558029117]]]}, "properties": {}}, {"type": "Feature", "geometry": {"type": "Polygon", "coordinates": [[[-76.5986611113886, 39.28431196371192], [-76.59835369847245, 39.284279568592424], [-76.59830388852069, 39.284102289444164], [-76.5982085816003, 39.28418724284722], [-76.59813500336286, 39.28409224979098], [-76.59810103802934, 39.284277529004974], [-76.59781253096862, 39.28426717456924], [-76.59777025073193, 39.283597754671256], [-76.59792603496716, 39.283545276490536], [-76.59813045383147, 39.28378138542945], [-76.59839440935464, 39.283723339797156], [-76.59855278360806, 39.28382201902568], [-76.59862989156548, 39.28401874978037], [-76.59892036000439, 39.284227874570234], [-76.5986611113886, 39.28431196371192]]]}, "properties": {}}, {"type": "Feature", "geometry": {"type": "Polygon", "coordinates": [[[-76.62049999999999, 39.25533333333333], [-76.62049999999999, 39.255551010278694], [-76.6195096110957, 39.25554957751307], [-76.61716091544584, 39.256121808381835], [-76.61682777380163, 39.256048936113494], [-76.61652765685254, 39.25575399551944], [-76.61586561014714, 39.255532320237656], [-76.61571349383077, 39.25533333333333], [-76.62049999999999, 39.25533333333333]]]}, "properties": {}}, {"type": "Feature", "geometry": {"type": "Polygon", "coordinates": [[[-76.58999999999999, 39.28042437240216], [-76.59018283671583, 39.2803328614531], [-76.59008988416227, 39.28013189504316], [-76.59043588924824, 39.280372003076586], [-76.59078636558861, 39.280178802019456], [-76.5909265408603, 39.28025159606397], [-76.59060861798427, 39.280525278307614], [-76.59065278039266, 39.280677063427], [-76.59046420707544, 39.28076421103005], [-76.59036317437713, 39.28076813376517], [-76.59031830508691, 39.28048888222478], [-76.59019099511879, 39.28056936341743], [-76.59022456746251, 39.280847515997266], [-76.59016989415807, 39.28091889816358], [-76.59035242785896, 39.2810331099923], [-76.59038035265195, 39.281165989260224], [-76.59060979430029, 39.281421708130175], [-76.59074487055842, 39.28115649720512], [-76.59096364388002, 39.281032167471054], [-76.59079860324083, 39.28131290913543], [-76.59100184489849, 39.281311812029784], [-76.59113088156997, 39.28172943391496], [-76.59137569748687, 39.281834781411305], [-76.59323844845149, 39.28172206148564], [-76.59327798309296, 39.28149167830998], [-76.59358029607951, 39.281430650580965], [-76.59351322871858, 39.2813104782823], [-76.59328449302159, 39.281194854569996], [-76.59340144946778, 39.28102251887658], [-76.59396277729901, 39.280731657444115], [-76.59403360998216, 39.280588580188265], [-76.59400113474163, 39.28039067224026], [-76.59388002085159, 39.28026257811218], [-76.59413268128486, 39.280104988978366], [-76.59450182695153, 39.28036894446151], [-76.5943858120631, 39.28038392758651], [-76.59437184967723, 39.28049029395959], [-76.594187512019, 39.280620664251664], [-76.59466278936542, 39.280698791037906], [-76.59441036456256, 39.28094862769125], [-76.5945685022617, 39.28107538816375], [-76.59475409533758, 39.280857399025905], [-76.59487473797141, 39.28087324454707], [-76.5949286280287, 39.28072742175235], [-76.59491042902204, 39.280296228627876], [-76.59466545665036, 39.28031387906579], [-76.59538476477246, 39.27990919881032], [-76.59538052912426, 39.280043098809095], [-76.59505083991377, 39.28029262067829], [-76.59505797759103, 39.280599249383926], [-76.59514559645311, 39.28070969494683], [-76.5953020093287, 39.28061548605585], [-76.59535911433458, 39.280827121700625], [-76.59548289552869, 39.28088077520012], [-76.59517360042312, 39.28107954556601], [-76.59511555388404, 39.28142343463503], [-76.59501844298804, 39.281455123826916], [-76.59486148154137, 39.28119226729668], [-76.5943905190257, 39.28130741978574], [-76.59446229233966, 39.28108040986004], [-76.59427936748263, 39.280955452429204], [-76.59404012088767, 39.28103310985522], [-76.59401627437585, 39.281198386118696], [-76.59391916347914, 39.28121862376586], [-76.59377216442543, 39.281479911959856], [-76.5934523584062, 39.28161632095392], [-76.59383585853624, 39.281620714920514], [-76.5935934743313, 39.28197072092434], [-76.59374447437023, 39.282069713077654], [-76.59400380215315, 39.28206226248591], [-76.59405212198183, 39.28213411403514], [-76.59359127828567, 39.282192789248946], [-76.59355142977924, 39.2822747605545], [-76.59365983578131, 39.28260719434744], [-76.5935216218808, 39.28261951016471], [-76.59349628525484, 39.28282510525305], [-76.5933923505489, 39.282736465681964], [-76.59344153370368, 39.28264264981311], [-76.59334363862826, 39.282582564597504], [-76.59344757332033, 39.28244646853573], [-76.59339972378251, 39.28193165566706], [-76.5930140266612, 39.28191808630869], [-76.59292570189088, 39.2823676339461], [-76.59282874836194, 39.281968210106655], [-76.59144543216121, 39.28203057153004], [-76.59132714206436, 39.28226338546104], [-76.5915543084805, 39.28234943595038], [-76.59138260048313, 39.28234127756933], [-76.5914451965586, 39.28238897060565], [-76.59138722823876, 39.28254036271051], [-76.59158795998276, 39.28256287463695], [-76.59162459262598, 39.28239406865973], [-76.59223431854154, 39.28257448448247], [-76.59231605423568, 39.28266320228566], [-76.59178304419885, 39.28281247658027], [-76.59147061145016, 39.28274564487049], [-76.59150253720338, 39.28283185182932], [-76.59156709463845, 39.282777334055226], [-76.59161470853311, 39.282990696372636], [-76.59153838476095, 39.282981126102804], [-76.59158835210228, 39.28309251230316], [-76.59137216785318, 39.28313330238561], [-76.59140119068212, 39.28336854892596], [-76.591537208524, 39.28336839059613], [-76.59164812442869, 39.283496643049446], [-76.59208182845376, 39.283576025260075], [-76.59140534812948, 39.28372835988669], [-76.59141130953512, 39.283857631211056], [-76.5912391302977, 39.28399984606561], [-76.59115245299584, 39.28377103124236], [-76.59091634402412, 39.28379174014412], [-76.59086794504894, 39.283980077822434], [-76.59061818755086, 39.28416700362318], [-76.59050758549596, 39.2839390530682], [-76.59019821214386, 39.283887124385245], [-76.59001607055494, 39.28417979070718], [-76.58999999999999, 39.28382061213707], [-76.59021084086841, 39.28366772336875], [-76.59043432110064, 39.28362458076485], [-76.59006431211293, 39.283607716386065], [-76.59001183483389, 39.2831282043752], [-76.59011953485762, 39.28288244692111], [-76.59052523400392, 39.28295845588179], [-76.59047777752689, 39.28313589149607], [-76.59059551818036, 39.28350636982339], [-76.59071874986195, 39.2830404271787], [-76.59063552311143, 39.282813417258744], [-76.59083515682049, 39.28275019347447], [-76.59090253803389, 39.28281577163282], [-76.59108232618034, 39.282693244941136], [-76.59058892901568, 39.28260609736325], [-76.59041259233, 39.28237477355981], [-76.5904272606477, 39.28209167751697], [-76.59075702903104, 39.28201025568099], [-76.59053488244389, 39.28190380922299], [-76.58999999999999, 39.281879645426244], [-76.58999999999999, 39.281501705014435], [-76.59013122289282, 39.28179759932766], [-76.5903790190318, 39.28172253097855], [-76.59032128633494, 39.28184544882131], [-76.59059041908546, 39.281845370580186], [-76.59066933099835, 39.28176622304373], [-76.59009890502433, 39.28125054965206], [-76.58999999999999, 39.281281798740075], [-76.58999999999999, 39.28042437240216]], [[-76.59110452523909, 39.28345538360869], [-76.59092709051443, 39.28307376480062], [-76.59081280136724, 39.28308866969423], [-76.59076840335882, 39.283336386649225], [-76.59101549357169, 39.283531629143816], [-76.59110452523909, 39.28345538360869]], [[-76.59086284689603, 39.282491494362155], [-76.59096968357532, 39.28211442598656], [-76.59089924389947, 39.28207849928235], [-76.5906279924004, 39.28225640429155], [-76.59066878248728, 39.28238567561463], [-76.59086284689603, 39.282491494362155]]]}, "properties": {}}, {"type": "Feature", "geometry": {"type": "Polygon", "coordinates": [[[-76.60370615491382, 39.26224518898201], [-76.60328915976365, 39.26234983056032], [-76.6030343032485, 39.26214054744417], [-76.60336148254784, 39.26195417112099], [-76.60370615491382, 39.26224518898201]]]}, "properties": {}}, {"type": "Feature", "geometry": {"type": "Polygon", "coordinates": [[[-76.61501185280319, 39.260361571513336], [-76.61526647457546, 39.259765966383604], [-76.61562377566554, 39.25982919014736], [-76.61518113009217, 39.26109068547025], [-76.61496894585973, 39.26088838541076], [-76.61515116474797, 39.26058709131479], [-76.61506056564926, 39.26041954076547], [-76.61527118058541, 39.260343295225816], [-76.61522474295828, 39.2602393596074], [-76.61536350633708, 39.26019174665739], [-76.61526851325777, 39.26003596243989], [-76.61501185280319, 39.260361571513336]]]}, "properties": {}}, {"type": "Feature", "geometry": {"type": "Polygon", "coordinates": [[[-76.60223521915886, 39.266084038128575], [-76.60202036761302, 39.26580463013238], [-76.6021534052136, 39.26567041534162], [-76.60183116749927, 39.26562656681533], [-76.60153332483249, 39.26520000237525], [-76.60151418520933, 39.26508594886537], [-76.60163263177549, 39.2649681290811], [-76.60136734259424, 39.26496428645324], [-76.60134977131821, 39.26484215278706], [-76.60161325651963, 39.26472488247775], [-76.60257738158272, 39.265935391552574], [-76.60223521915886, 39.266084038128575]]]}, "properties": {}}, {"type": "Feature", "geometry": {"type": "Polygon", "coordinates": [[[-76.60818242010505, 39.256906224624544], [-76.60828172706577, 39.25696317314497], [-76.60814194389575, 39.25712993952921], [-76.60778793783508, 39.25721622473349], [-76.60787179134502, 39.2571030336245], [-76.60782770716872, 39.25696497620278], [-76.60818242010505, 39.256906224624544]]]}, "properties": {}}, {"type": "Feature", "geometry": {"type": "Polygon", "coordinates": [[[-76.59556141528545, 39.27967803145597], [-76.59600515896503, 39.27965904921897], [-76.5960058649001, 39.27953511064847], [-76.59612282135252, 39.279463965035745], [-76.59656538877967, 39.27958162647418], [-76.59675592251453, 39.27921828579317], [-76.59698638393816, 39.27909544617492], [-76.59744965932462, 39.2791386669844], [-76.59792932971239, 39.27907662038162], [-76.59752206130204, 39.27924385802505], [-76.59706278595174, 39.27927413720763], [-76.59708914239316, 39.27934434217903], [-76.59699807205658, 39.27936293138478], [-76.59704592156923, 39.2794682788884], [-76.59678682847783, 39.2794447462345], [-76.59678039676801, 39.27954154419731], [-76.59687680172418, 39.27955707493209], [-76.5970005819997, 39.27981757894224], [-76.59711698897975, 39.27987891958038], [-76.59692661169012, 39.27996497008523], [-76.59680745917278, 39.27994653734959], [-76.59676109977471, 39.279809264101644], [-76.59659864726316, 39.2797861244623], [-76.59640772142151, 39.27982667798772], [-76.5961665134677, 39.280019487885184], [-76.59612697880755, 39.27994669383711], [-76.59581768369074, 39.279962304680616], [-76.59544508654527, 39.279759296821744], [-76.59556141528545, 39.27967803145597]]]}, "properties": {}}, {"type": "Feature", "geometry": {"type": "Polygon", "coordinates": [[[-76.62049999999999, 39.25864148151894], [-76.6176544691802, 39.25795765414222], [-76.6175547700175, 39.256029953866], [-76.6195096110957, 39.25554957751307], [-76.62049999999999, 39.255551010278694], [-76.62049999999999, 39.25864148151894]]]}, "properties": {}}, {"type": "Feature", "geometry": {"type": "Polygon", "coordinates": [[[-76.59440981508226, 39.280952628653736], [-76.59466278936542, 39.280698791037906], [-76.594187512019, 39.280620664251664], [-76.59437184967723, 39.28049029395959], [-76.5943858120631, 39.28038392758651], [-76.59489882008201, 39.28028712960488], [-76.5948820330229, 39.28086469500373], [-76.59475409533758, 39.280857399025905], [-76.59456403191191, 39.28107507523942], [-76.59440981508226, 39.280952628653736]]]}, "properties": {}}, {"type": "Feature", "geometry": {"type": "Polygon", "coordinates": [[[-76.60719115602281, 39.28156533424731], [-76.60777005420417, 39.2814866579415], [-76.60781045220106, 39.28156494120595], [-76.6077503651169, 39.28163805004494], [-76.60784104430424, 39.28172386398342], [-76.60765741258653, 39.281815327335984], [-76.60770753638516, 39.28184780255884], [-76.61059700840958, 39.281714451933155], [-76.61080009359684, 39.28158164902503], [-76.61165157602846, 39.28177987173002], [-76.6120908484528, 39.28218251234559], [-76.61165204729747, 39.282099520327954], [-76.61121324520003, 39.281840743001815], [-76.60788567703548, 39.281953619444245], [-76.60764784232323, 39.281985623428554], [-76.60763097794622, 39.28226856300926], [-76.60746930961696, 39.28238418487355], [-76.60730450365394, 39.28238363539912], [-76.60713663921793, 39.28224306899839], [-76.60711687185396, 39.28165609165314], [-76.60719115602281, 39.28156533424731]]]}, "properties": {}}, {"type": "Feature", "geometry": {"type": "Polygon", "coordinates": [[[-76.58999999999999, 39.2845], [-76.58999999999999, 39.284176473655926], [-76.59019287752662, 39.2838891639824], [-76.59050758549596, 39.2839390530682], [-76.59061818755086, 39.28416700362318], [-76.59086794504894, 39.283980077822434], [-76.59091634402412, 39.28379174014412], [-76.59115245299584, 39.28377103124236], [-76.5912391302977, 39.28399984606561], [-76.59141130953512, 39.283857631211056], [-76.59140534812948, 39.28372835988669], [-76.59208182845376, 39.283576025260075], [-76.59164812442869, 39.283496643049446], [-76.591537208524, 39.28336839059613], [-76.59140119068212, 39.28336854892596], [-76.59137216785318, 39.28313330238561], [-76.59158835210228, 39.28309251230316], [-76.59153838476095, 39.282981126102804], [-76.59161470853311, 39.282990696372636], [-76.59156709463845, 39.282777334055226], [-76.59150253720338, 39.28283185182932], [-76.59147061145016, 39.28274564487049], [-76.59178304419885, 39.28281247658027], [-76.59231605423568, 39.28266320228566], [-76.59223431854154, 39.28257448448247], [-76.59162459262598, 39.28239406865973], [-76.59158795998276, 39.28256287463695], [-76.59138722823876, 39.28254036271051], [-76.5914451965586, 39.28238897060565], [-76.59138260048313, 39.28234127756933], [-76.5915543084805, 39.28234943595038], [-76.59132714206436, 39.28226338546104], [-76.59144543216121, 39.28203057153004], [-76.59282874836194, 39.281968210106655], [-76.59292570189088, 39.2823676339461], [-76.5930140266612, 39.28191808630869], [-76.59339972378251, 39.28193165566706], [-76.59344757332033, 39.28244646853573], [-76.59334363862826, 39.282582564597504], [-76.59344153370368, 39.28264264981311], [-76.5933923505489, 39.282736465681964], [-76.59349228522325, 39.282826125983064], [-76.5935216218808, 39.28261951016471], [-76.59365983578131, 39.28260719434744], [-76.59355142977924, 39.2822747605545], [-76.59359127828567, 39.282192789248946], [-76.59405212198183, 39.28213411403514], [-76.59400380215315, 39.28206226248591], [-76.59374447437023, 39.282069713077654], [-76.5935934743313, 39.28197072092434], [-76.59383585853624, 39.281620714920514], [-76.5934523584062, 39.28161632095392], [-76.59377216442543, 39.281479911959856], [-76.59391916347914, 39.28121862376586], [-76.59401627437585, 39.281198386118696], [-76.59404012088767, 39.28103310985522], [-76.59429003485485, 39.28095757025671], [-76.59447531409691, 39.2810958623668], [-76.59438063489583, 39.28130443769056], [-76.59484398943499, 39.28118716737385], [-76.5950120112723, 39.281453868404114], [-76.59511131822805, 39.281430179274615], [-76.59517093311467, 39.281082997048216], [-76.59548313115319, 39.28087779496729], [-76.59535911433458, 39.280827121700625], [-76.5953020093287, 39.28061548605585], [-76.59514559645311, 39.28070969494683], [-76.59507225384196, 39.28064341084606], [-76.59504942802855, 39.28029748404573], [-76.59538390237536, 39.28003901961533], [-76.59538084296541, 39.27980416609201], [-76.59544508654527, 39.279759296821744], [-76.59581258469794, 39.279960499777395], [-76.59612697880755, 39.27994669383711], [-76.59615874716627, 39.280019644347746], [-76.59657942941581, 39.27978675217452], [-76.59676109977471, 39.279809264101644], [-76.59680385029644, 39.27994300763645], [-76.59692112061047, 39.27996630373959], [-76.59711698897975, 39.27987891958038], [-76.5970005819997, 39.27981757894224], [-76.59687680172418, 39.27955707493209], [-76.59678039676801, 39.27954154419731], [-76.59678298490893, 39.27945494421889], [-76.59704843148427, 39.27946702346528], [-76.59699807205658, 39.27936293138478], [-76.59708914239316, 39.27934434217903], [-76.59706670775229, 39.27927264522841], [-76.59752206130204, 39.27924385802505], [-76.59766333459223, 39.279135215494364], [-76.59823227041213, 39.27904336097186], [-76.59913983896341, 39.27914447278765], [-76.59956405093149, 39.27899182524615], [-76.60037756799679, 39.27935728371797], [-76.60061956015603, 39.27967748178749], [-76.60064834830197, 39.28008208378408], [-76.60029465523489, 39.28128961267491], [-76.60016546213907, 39.28148634343725], [-76.59884756670992, 39.281498893991625], [-76.5979343496992, 39.28162024351887], [-76.59720806035301, 39.28157113862192], [-76.59711330289468, 39.28135456138004], [-76.59723308311796, 39.28128059199643], [-76.59663159289968, 39.2812503128533], [-76.59636732347703, 39.28059799391216], [-76.5962240897385, 39.28048362561975], [-76.59602398477973, 39.28054237905473], [-76.59607991352324, 39.280728049421086], [-76.5958370589894, 39.280900543443934], [-76.5955687886456, 39.280929330640454], [-76.59557380942994, 39.28129965250994], [-76.5952318043974, 39.28141221591678], [-76.59541865198943, 39.28158627827125], [-76.59569005996349, 39.28161459606098], [-76.59561875602597, 39.281675387225484], [-76.59568527484232, 39.281870080246236], [-76.59555396390796, 39.2818994169181], [-76.59574418381996, 39.282072067387304], [-76.59547034511824, 39.28244842982644], [-76.59561467688798, 39.28258774080497], [-76.59565405509223, 39.282764626935496], [-76.59532969957208, 39.28308553096871], [-76.59524404113671, 39.2828458923122], [-76.59519799560863, 39.28293719733484], [-76.595100728244, 39.28286393390196], [-76.595129438147, 39.283075254760824], [-76.59503468070756, 39.28316546268702], [-76.59507782332096, 39.28337780427499], [-76.59444801623677, 39.283442205267335], [-76.59433051123946, 39.28358183104258], [-76.59487450344353, 39.283562612245795], [-76.59510112038271, 39.283704983547985], [-76.59531134418533, 39.28398807958248], [-76.59536774322181, 39.2837667954298], [-76.59547897389936, 39.28366411522853], [-76.59580787895024, 39.283644976533566], [-76.59548313133787, 39.283878183490266], [-76.59573304532127, 39.28406573698391], [-76.5956600948127, 39.28425305393369], [-76.59575587205788, 39.28428066578729], [-76.59545693139624, 39.28441801727915], [-76.59547198839768, 39.2845], [-76.58999999999999, 39.2845]]]}, "properties": {}}, {"type": "Feature", "geometry": {"type": "Polygon", "coordinates": [[[-76.5966871290752, 39.27361999291941], [-76.59643054684763, 39.2738787721339], [-76.59623185468664, 39.273628229554895], [-76.59596672196531, 39.27358610583613], [-76.59531032375266, 39.2736829038231], [-76.59500236230554, 39.27394983956442], [-76.59451163246514, 39.274114488133606], [-76.59466019987217, 39.273942780150485], [-76.59505789894524, 39.273860652369336], [-76.59511782862825, 39.273662822648824], [-76.59528890890701, 39.273558181079665], [-76.59578018823996, 39.27358846022705], [-76.59584035262473, 39.2735286879299], [-76.59580732883673, 39.27335784235869], [-76.59601896450472, 39.27331360079425], [-76.59615302097137, 39.273162130455454], [-76.5961140358131, 39.273438792921596], [-76.59617772991588, 39.27344820672968], [-76.59619153584005, 39.27334984041919], [-76.59654805273622, 39.273086669082666], [-76.59665379141187, 39.273131851271124], [-76.59639501312468, 39.273385767118526], [-76.59644709830323, 39.27364509393945], [-76.5966871290752, 39.27361999291941]]]}, "properties": {}}, {"type": "Feature", "geometry": {"type": "Polygon", "coordinates": [[[-76.59397964135049, 39.27515807442287], [-76.59428266120585, 39.27501217338777], [-76.59429952652367, 39.2748834515431], [-76.59415291860647, 39.27483450308685], [-76.59423810670336, 39.274743276293876], [-76.59451861370337, 39.27479771396155], [-76.59464764943522, 39.275080104056414], [-76.59478351081823, 39.27513407234268], [-76.5949096445264, 39.275066847598424], [-76.59500377426629, 39.27517242979379], [-76.59482673166347, 39.27535661005231], [-76.59453030089395, 39.275121834771], [-76.59424391166183, 39.275117990281224], [-76.59407416410997, 39.27528460020434], [-76.59397964135049, 39.27515807442287]]]}, "properties": {}}, {"type": "Feature", "geometry": {"type": "Polygon", "coordinates": [[[-76.58999999999999, 39.26197424478584], [-76.59006062368115, 39.26207340328037], [-76.58999999999999, 39.262158965869176], [-76.58999999999999, 39.26197424478584]]]}, "properties": {}}, {"type": "Feature", "geometry": {"type": "MultiPolygon", "coordinates": [[[[-76.62049999999999, 39.27849232789563], [-76.62030148005115, 39.27901245513651], [-76.62036925332977, 39.27872551459127], [-76.62030665725592, 39.27870229671727], [-76.61996418100885, 39.27938034440358], [-76.61934982746489, 39.28106707239239], [-76.61925773732737, 39.28104675652115], [-76.61967928190701, 39.27959958896809], [-76.62049999999999, 39.277950655282545], [-76.62049999999999, 39.27849232789563]]], [[[-76.62049999999999, 39.27572799675922], [-76.62011055308977, 39.275992769613204], [-76.61969269555667, 39.27645557557375], [-76.61975238867053, 39.27604595374406], [-76.6196001341559, 39.27621060230067], [-76.6190435132068, 39.27611741416601], [-76.61956130544986, 39.27632238152267], [-76.6187339042384, 39.276201738002975], [-76.61865812994323, 39.27613474982217], [-76.61846665370872, 39.27648295092065], [-76.61817540111491, 39.276581551934804], [-76.61793191794833, 39.27691892920197], [-76.61795498028361, 39.276711372748025], [-76.61781551096796, 39.27685460646849], [-76.61774781589884, 39.27679028559588], [-76.61741538113495, 39.276818601545415], [-76.61761179806574, 39.27693257868022], [-76.61753798514168, 39.276950227249294], [-76.61665598885718, 39.276903946128954], [-76.61646137498664, 39.277102325334866], [-76.61624064029256, 39.277119033273415], [-76.61591330451223, 39.27699917390891], [-76.61564134706775, 39.27713338870467], [-76.6156458183656, 39.2774055808201], [-76.61550925197429, 39.27740205111174], [-76.61543771331165, 39.276947247094576], [-76.61520544790439, 39.27688747480852], [-76.6151417528655, 39.27679899169799], [-76.61496274981958, 39.276845194626816], [-76.61491835179483, 39.27682840846709], [-76.61534726973115, 39.27657363020865], [-76.61555764994971, 39.27610337181104], [-76.61562275688263, 39.2763307747498], [-76.61586443517407, 39.27645659458331], [-76.61597205698028, 39.27643125887486], [-76.61609191540364, 39.27585541828193], [-76.61596068268483, 39.27563084097877], [-76.6158763579175, 39.27561531024349], [-76.61624040549108, 39.275362256797266], [-76.61634535999464, 39.27543607157276], [-76.61661888578593, 39.275287503230444], [-76.61681687199128, 39.27532813497238], [-76.61694684926229, 39.27515281904588], [-76.6168878611306, 39.27508779036759], [-76.61697014627714, 39.274719977478476], [-76.61704803933726, 39.27487654773289], [-76.61710247701127, 39.2747104090635], [-76.6171709571942, 39.274915139880775], [-76.61735466714586, 39.27486768339138], [-76.61732760477182, 39.274962126970955], [-76.61717605526144, 39.275010604189006], [-76.61725692856606, 39.275350021040914], [-76.61762866330066, 39.27545732803573], [-76.61742542163927, 39.275397790441765], [-76.61768945539202, 39.27531581912778], [-76.61793144751901, 39.27511202893478], [-76.61803899107342, 39.27475143379629], [-76.6181715574293, 39.27469464172932], [-76.61804157921112, 39.27461282689224], [-76.61853858525134, 39.27469158138919], [-76.6186961734283, 39.27414233378493], [-76.61880575660167, 39.274135980296855], [-76.61885541009364, 39.27435396942591], [-76.61911489432596, 39.27413739217061], [-76.61941210925409, 39.2741262535395], [-76.61922118340519, 39.27404922384097], [-76.61946709734846, 39.27409974064103], [-76.61934080623922, 39.274045537661024], [-76.61948749238425, 39.27404216440442], [-76.61958844591422, 39.27394176035649], [-76.6195644429219, 39.273812174245684], [-76.61964366869253, 39.2737627563945], [-76.61954624486978, 39.27375655937642], [-76.61954883300014, 39.27349864443871], [-76.61959456469226, 39.27372785041912], [-76.62015950049376, 39.27385115939438], [-76.61990331033032, 39.27374032268206], [-76.62033458173079, 39.27366940988832], [-76.62046730454276, 39.27351268502655], [-76.62034164209528, 39.27376550190795], [-76.62049999999999, 39.27366221111329], [-76.62049999999999, 39.274009805580576], [-76.62038329460069, 39.27411425247821], [-76.61976729250482, 39.27400835737778], [-76.61960287956363, 39.27406585352593], [-76.6201831896451, 39.27422446335851], [-76.62049999999999, 39.274187166423985], [-76.62049999999999, 39.27572799675922]], [[-76.6203168540072, 39.27378660195737], [-76.62029222331294, 39.27381162473824], [-76.62031975694048, 39.27378526830306], [-76.6203168540072, 39.27378660195737]]]]}, "properties": {}}, {"type": "Feature", "geometry": {"type": "Polygon", "coordinates": [[[-76.5973931039903, 39.28203096246456], [-76.59729905248014, 39.281902711873265], [-76.59739906537355, 39.2817967366526], [-76.59754057336924, 39.28188623862717], [-76.5975747743365, 39.28184693866808], [-76.59748370306565, 39.28181862273434], [-76.59760050305633, 39.281755005934826], [-76.59875476971301, 39.281717589068606], [-76.5987671637765, 39.282022649426516], [-76.5973931039903, 39.28203096246456]]]}, "properties": {}}, {"type": "Feature", "geometry": {"type": "Polygon", "coordinates": [[[-76.60123658078628, 39.27437640564636], [-76.60145864913177, 39.274313023536315], [-76.60199699288127, 39.27459635425202], [-76.60206476619142, 39.274819990921365], [-76.601714760173, 39.27507649584934], [-76.60334728532808, 39.27491451268336], [-76.6034149021638, 39.27494196807597], [-76.60352024878296, 39.275481567166594], [-76.60436694699231, 39.27540885131653], [-76.60444727081682, 39.2757543869591], [-76.604264424215, 39.276021950407305], [-76.60451543716208, 39.27625484441821], [-76.60433666882881, 39.2766150465412], [-76.6045545788226, 39.27663018611602], [-76.60467804619388, 39.277219439610306], [-76.60391998757247, 39.277337885267215], [-76.60388029555048, 39.27777943284035], [-76.60351138552717, 39.277819908141325], [-76.60333999046263, 39.27794643579537], [-76.60562444348487, 39.27775590011195], [-76.60576430397796, 39.277967535753646], [-76.60568790198306, 39.27809382684826], [-76.60573598713924, 39.27850368336715], [-76.60586745453803, 39.2785116051938], [-76.60595154462592, 39.2787545388702], [-76.60589640007778, 39.27891738438228], [-76.60600002094904, 39.27934826271659], [-76.60594181794757, 39.279690190419934], [-76.60522760787616, 39.279920102371186], [-76.60519983956047, 39.280031881592606], [-76.60349365793662, 39.280096830242876], [-76.6030589350048, 39.279374775722324], [-76.60256263482603, 39.27797686958954], [-76.60218619408705, 39.27738306752422], [-76.60153763944348, 39.27695775852022], [-76.60013832121554, 39.276408196186864], [-76.60123658078628, 39.27437640564636]]]}, "properties": {}}, {"type": "Feature", "geometry": {"type": "Polygon", "coordinates": [[[-76.60137134369775, 39.28238198904125], [-76.60168118828732, 39.28224181377825], [-76.60267002220375, 39.28225358007324], [-76.60275387572348, 39.28229970289854], [-76.60278031041216, 39.28263174740154], [-76.60303963821023, 39.282870836571206], [-76.60256945987469, 39.283087648527484], [-76.60187988048705, 39.283121142644845], [-76.60179155474876, 39.28297586933602], [-76.60146045363307, 39.282905429682614], [-76.60127721397645, 39.28257825041532], [-76.60137134369775, 39.28238198904125]]]}, "properties": {}}, {"type": "Feature", "geometry": {"type": "Polygon", "coordinates": [[[-76.6034200799443, 39.283984706029976], [-76.60315918286778, 39.28375620600022], [-76.60293609564734, 39.283695412983896], [-76.60339231159959, 39.283626150493305], [-76.60349483443595, 39.28397121488561], [-76.6034200799443, 39.283984706029976]]]}, "properties": {}}, {"type": "Feature", "geometry": {"type": "Polygon", "coordinates": [[[-76.61696528206599, 39.26102165762366], [-76.61723567023553, 39.26095317745087], [-76.61696865530519, 39.26082218132654], [-76.61695759490313, 39.26063305761378], [-76.61781425457403, 39.26108362594592], [-76.61770835851425, 39.26119242493736], [-76.61741577225007, 39.26103067839907], [-76.61730407125977, 39.261218937848824], [-76.61700662070957, 39.26127431803667], [-76.61696528206599, 39.26102165762366]]]}, "properties": {}}, {"type": "Feature", "geometry": {"type": "Polygon", "coordinates": [[[-76.61557051342517, 39.2616882538044], [-76.61585855109546, 39.2616378934467], [-76.61633782841041, 39.26068977146774], [-76.61652946112658, 39.26065706154249], [-76.61641909377114, 39.26052888732042], [-76.61695759490313, 39.26063305761378], [-76.61696865530519, 39.26082218132654], [-76.61722813955787, 39.26093749025066], [-76.61695516324377, 39.26103271801316], [-76.61699909096414, 39.26127220020882], [-76.6172914425221, 39.26122631206292], [-76.61742440095631, 39.26102957943794], [-76.6176197980904, 39.261173049702045], [-76.61787787137801, 39.26111061008918], [-76.61816065267293, 39.26123800013124], [-76.61809060415855, 39.261298320046514], [-76.61733513460554, 39.26126788630936], [-76.61709149496026, 39.26133746357925], [-76.61705862765811, 39.261551608210965], [-76.61735505842174, 39.26169076458427], [-76.61661590378475, 39.26169351015122], [-76.61647588592571, 39.26193001025841], [-76.6165833503493, 39.26208399143452], [-76.61683444149784, 39.2618332141452], [-76.61725057424984, 39.261839880538], [-76.61744479515558, 39.2625100063731], [-76.61753468923538, 39.26255675877237], [-76.61761775947618, 39.26201135380856], [-76.61777793674348, 39.26166770129176], [-76.61798917938881, 39.26155404079148], [-76.61823548634864, 39.261576474484926], [-76.61830945667371, 39.26168135073832], [-76.61825140918695, 39.26175908638877], [-76.61803216553469, 39.26167648738107], [-76.61791097343475, 39.26189274984402], [-76.61777142587682, 39.26185462894594], [-76.6177889971775, 39.26237728355371], [-76.61792273983158, 39.26292966970477], [-76.61790124678154, 39.263238963857276], [-76.61775118832303, 39.26335121433269], [-76.61755955560375, 39.263334506409336], [-76.6174535021376, 39.26323410050652], [-76.61719276247099, 39.26327096785892], [-76.61722523768337, 39.263011482710105], [-76.6171482079589, 39.26284448164071], [-76.61722484557194, 39.262613392521004], [-76.61714169705586, 39.26243987964308], [-76.61691649200377, 39.26232347361959], [-76.61649839881542, 39.26228982121848], [-76.61624236512712, 39.262387481595454], [-76.61606265613219, 39.262333278617426], [-76.61605763536251, 39.26220063404203], [-76.61592757984187, 39.26207708849447], [-76.6162628383711, 39.26195526773966], [-76.61665810574502, 39.261626441872366], [-76.61662186516914, 39.26147795177272], [-76.61631311952083, 39.2612982418815], [-76.61612501652888, 39.26150203393515], [-76.61614282344131, 39.26181556374206], [-76.6159959808423, 39.26195495482508], [-76.61564173821506, 39.261867492455224], [-76.61557051342517, 39.2616882538044]]]}, "properties": {}}, {"type": "Feature", "geometry": {"type": "Polygon", "coordinates": [[[-76.59568747045162, 39.27455799702725], [-76.59609803389621, 39.27461675043976], [-76.59599605965116, 39.27495632376074], [-76.59560157735483, 39.27483615147419], [-76.59568747045162, 39.27455799702725]]]}, "properties": {}}, {"type": "Feature", "geometry": {"type": "Polygon", "coordinates": [[[-76.60391559355435, 39.26160228197098], [-76.60607775561844, 39.26329983555257], [-76.60604269225149, 39.26342487122244], [-76.60579607238095, 39.263624269297445], [-76.60588361299806, 39.26350997922756], [-76.60586188429802, 39.2634093386281], [-76.60378373314578, 39.261732574030184], [-76.60378718462285, 39.26164464039758], [-76.60391559355435, 39.26160228197098]]]}, "properties": {}}, {"type": "Feature", "geometry": {"type": "Polygon", "coordinates": [[[-76.59066493850115, 39.27561499639388], [-76.59085508017604, 39.27568951524614], [-76.5909306197865, 39.27589644398507], [-76.59061599098465, 39.275928684528004], [-76.59075844052882, 39.27571140133464], [-76.59066493850115, 39.27561499639388]]]}, "properties": {}}, {"type": "Feature", "geometry": {"type": "Polygon", "coordinates": [[[-76.60354527093766, 39.26527303104358], [-76.60447817607776, 39.26456893982549], [-76.60446790079742, 39.264645500144724], [-76.60460446719517, 39.264754612051696], [-76.60414370175388, 39.26520008050934], [-76.6037957353214, 39.26527444291957], [-76.6037051352986, 39.2652255745549], [-76.60355656695857, 39.26536857358254], [-76.60354527093766, 39.26527303104358]]]}, "properties": {}}, {"type": "Feature", "geometry": {"type": "Polygon", "coordinates": [[[-76.59952506471664, 39.26209073857073], [-76.60054888291835, 39.263293951660785], [-76.60124105144727, 39.26429721907962], [-76.60065556416068, 39.26444382606786], [-76.6003739591252, 39.264295023052775], [-76.6003366205142, 39.264055540856695], [-76.59909583292622, 39.262373126823654], [-76.59914611317481, 39.262205654500264], [-76.59952506471664, 39.26209073857073]]]}, "properties": {}}, {"type": "Feature", "geometry": {"type": "Polygon", "coordinates": [[[-76.62049999999999, 39.263077115201334], [-76.62031661771663, 39.2629684182305], [-76.62017895329878, 39.263015640025], [-76.61994684527444, 39.26278149245301], [-76.61930911541549, 39.26266508644462], [-76.61936261245917, 39.2625940172029], [-76.61998724232718, 39.262654575510844], [-76.62037521374957, 39.26284150128788], [-76.62049999999999, 39.26294909817719], [-76.62049999999999, 39.263077115201334]]]}, "properties": {}}, {"type": "Feature", "geometry": {"type": "MultiPolygon", "coordinates": [[[[-76.58999999999999, 39.281688999885525], [-76.59000830503277, 39.28170731317841], [-76.58999999999999, 39.28172711203079], [-76.58999999999999, 39.281688999885525]]], [[[-76.58999999999999, 39.281879645426244], [-76.59053488244389, 39.28190380922299], [-76.59075702903104, 39.28201025568099], [-76.5904272606477, 39.28209167751697], [-76.59041259233, 39.28237477355981], [-76.59058892901568, 39.28260609736325], [-76.59108232618034, 39.282693244941136], [-76.59090253803389, 39.28281577163282], [-76.59083515682049, 39.28275019347447], [-76.59063552311143, 39.282813417258744], [-76.59071874986195, 39.2830404271787], [-76.59059551818036, 39.28350636982339], [-76.59047777752689, 39.28313589149607], [-76.59052523400392, 39.28295845588179], [-76.59012228039714, 39.28287875888281], [-76.59001183483389, 39.2831282043752], [-76.59006431211293, 39.283607716386065], [-76.59043432110064, 39.28362458076485], [-76.59021084086841, 39.28366772336875], [-76.58999999999999, 39.28382061213707], [-76.58999999999999, 39.281879645426244]]]]}, "properties": {}}, {"type": "Feature", "geometry": {"type": "Polygon", "coordinates": [[[-76.59649800721921, 39.27387618305424], [-76.59710639943346, 39.27329155820673], [-76.59741239953183, 39.27330716902753], [-76.5981017433208, 39.27369592547418], [-76.59850603151364, 39.273783151286274], [-76.59898821177819, 39.2730984353238], [-76.59947517629632, 39.27319429076948], [-76.59960484066171, 39.27332505406823], [-76.59984596946789, 39.273373922427304], [-76.59987593385547, 39.273465542234206], [-76.59947133278364, 39.2741172334887], [-76.59981357344921, 39.27414037498388], [-76.60042290727829, 39.27432737898381], [-76.60065407371071, 39.274162808655426], [-76.60078820934984, 39.27417520269375], [-76.60123658078628, 39.27437640564636], [-76.60013832121554, 39.276408196186864], [-76.59857098118053, 39.27608454668445], [-76.59716507387826, 39.27610156945404], [-76.59649800721921, 39.27387618305424]]]}, "properties": {}}, {"type": "Feature", "geometry": {"type": "Polygon", "coordinates": [[[-76.60156956558448, 39.28334540703998], [-76.60139268035704, 39.28323449209359], [-76.60144586353937, 39.283073058466876], [-76.60165961610466, 39.283034857461914], [-76.60183626663807, 39.28313455741958], [-76.60179375175773, 39.28327245651981], [-76.60156956558448, 39.28334540703998]]]}, "properties": {}}, {"type": "Feature", "geometry": {"type": "Polygon", "coordinates": [[[-76.61537655917863, 39.25533333333333], [-76.6155721605555, 39.255512553854274], [-76.61652765685254, 39.25575399551944], [-76.61684550153277, 39.25605591730818], [-76.61716091544584, 39.256121808381835], [-76.6175547700175, 39.256029953866], [-76.6176544691802, 39.25795765414222], [-76.61602657266678, 39.25758113531146], [-76.61494847236052, 39.2571696303895], [-76.61369521161645, 39.25631634320914], [-76.6127436122565, 39.25533333333333], [-76.61537655917863, 39.25533333333333]]]}, "properties": {}}, {"type": "Feature", "geometry": {"type": "Polygon", "coordinates": [[[-76.60132012138031, 39.27440315323284], [-76.60065352515956, 39.2741306482177], [-76.60080279944762, 39.274073777919114], [-76.60120230153443, 39.27354672931523], [-76.60165286994999, 39.27356061345821], [-76.60168299172202, 39.273505155049364], [-76.60140656391164, 39.27337800156293], [-76.60162306201997, 39.27339290458177], [-76.60195385021643, 39.273547904616564], [-76.60185226803709, 39.27354288479066], [-76.6019188650797, 39.273658352046766], [-76.60185422942305, 39.273867005600685], [-76.60175680467094, 39.27389477392377], [-76.6018790165921, 39.274046087790815], [-76.60165357593823, 39.27430016009904], [-76.60212210772326, 39.27454434732173], [-76.60246638703858, 39.2743071412643], [-76.6026526069214, 39.27451916805977], [-76.60301139905943, 39.274582706610424], [-76.6029328000824, 39.27484689680378], [-76.60327982588254, 39.2748322284574], [-76.60338501601173, 39.27492157397109], [-76.601714760173, 39.27507649584934], [-76.60206476619142, 39.274819990921365], [-76.60199699288127, 39.27459635425202], [-76.60145864913177, 39.274313023536315], [-76.60132012138031, 39.27440315323284]]]}, "properties": {}}, {"type": "Feature", "geometry": {"type": "Polygon", "coordinates": [[[-76.61374356286444, 39.2845], [-76.61372345291373, 39.28434898881952], [-76.61350914993022, 39.284281527531896], [-76.61353487864253, 39.28406714820714], [-76.61310588245512, 39.28399898284751], [-76.61290162099179, 39.2838824184985], [-76.61267437540151, 39.283606381891126], [-76.61245787724562, 39.28281914221977], [-76.61191772855884, 39.28199166382906], [-76.61249788217695, 39.282131289578594], [-76.6126131128857, 39.28202037275868], [-76.61255090795557, 39.281804972707455], [-76.61291417136799, 39.28175986873273], [-76.61300500608638, 39.281845997458184], [-76.6132116209939, 39.281820268728076], [-76.61335728734859, 39.28194734398806], [-76.61362696957704, 39.28190608451701], [-76.61374282708145, 39.282045004341164], [-76.61377232115204, 39.28215537167515], [-76.61347000816859, 39.28226471829183], [-76.61328621906848, 39.282539421260125], [-76.61328504281649, 39.282681949033005], [-76.61344427854212, 39.282759369888154], [-76.61330488838551, 39.2828454986224], [-76.61418586488213, 39.28306340948917], [-76.61413440743928, 39.283196681778186], [-76.61435827976916, 39.283326031325636], [-76.61398066187915, 39.28340078675496], [-76.6135334667386, 39.28376757892797], [-76.61379569747105, 39.28402369081481], [-76.61371749057206, 39.28414221654025], [-76.61394999161453, 39.28437377503499], [-76.61374356286444, 39.2845]]]}, "properties": {}}, {"type": "Feature", "geometry": {"type": "Polygon", "coordinates": [[[-76.5973550588893, 39.272900136279596], [-76.59728869748733, 39.27304462542035], [-76.59698983505494, 39.27315248192049], [-76.59668563895474, 39.27355684737354], [-76.59671874094472, 39.27325288783751], [-76.59690982509373, 39.27292719867294], [-76.59706686475792, 39.27296869282128], [-76.59723441532124, 39.272834951141384], [-76.5973550588893, 39.272900136279596]]]}, "properties": {}}, {"type": "Feature", "geometry": {"type": "Polygon", "coordinates": [[[-76.61317279187172, 39.260040432867065], [-76.61315239681961, 39.25983358235737], [-76.6133142998518, 39.25987452888786], [-76.61349377419276, 39.260570226983845], [-76.61322244537995, 39.26052120030114], [-76.6130552077072, 39.260103421955115], [-76.61317279187172, 39.260040432867065]]]}, "properties": {}}, {"type": "Feature", "geometry": {"type": "Polygon", "coordinates": [[[-76.59603951609311, 39.27472303858339], [-76.59609803389621, 39.27461675043976], [-76.59568747045162, 39.27455799702725], [-76.59560157735483, 39.27483615147419], [-76.59599605965116, 39.27495632376074], [-76.59587620119697, 39.27503178326055], [-76.5955334902072, 39.27490894366379], [-76.59543410407673, 39.274733784207854], [-76.59554078522878, 39.27441421383685], [-76.59611442796684, 39.274522619784904], [-76.59641807460675, 39.2744465325667], [-76.59642050629775, 39.27456137025101], [-76.59603951609311, 39.27472303858339]]]}, "properties": {}}, {"type": "Feature", "geometry": {"type": "Polygon", "coordinates": [[[-76.59988613184277, 39.2734966838042], [-76.60001304974332, 39.27373059668695], [-76.59995790519694, 39.2739220710606], [-76.60022295968021, 39.273850375962006], [-76.60025888548402, 39.27424485820538], [-76.59946301793251, 39.274108840408246], [-76.59988613184277, 39.2734966838042]]]}, "properties": {}}, {"type": "Feature", "geometry": {"type": "Polygon", "coordinates": [[[-76.59618628085904, 39.28105138605329], [-76.5962662908229, 39.281319184185065], [-76.59592867883268, 39.28130796734622], [-76.59594907387003, 39.28127298313731], [-76.59618628085904, 39.28105138605329]]]}, "properties": {}}, {"type": "Feature", "geometry": {"type": "Polygon", "coordinates": [[[-76.61411840407199, 39.26081308240907], [-76.61464913983403, 39.26091858635704], [-76.6148710507768, 39.26070538235434], [-76.61483771315679, 39.260920625946824], [-76.61468577156842, 39.261114296383376], [-76.61401478323, 39.26085732210673], [-76.61411840407199, 39.26081308240907]]]}, "properties": {}}, {"type": "Feature", "geometry": {"type": "Polygon", "coordinates": [[[-76.58999999999999, 39.275287751571575], [-76.59015891164938, 39.27523933992635], [-76.59017577698172, 39.2753459428542], [-76.59046483353309, 39.275520552822755], [-76.59087100391939, 39.27544462206281], [-76.59117684756768, 39.27565782604587], [-76.59157054568374, 39.27567241613361], [-76.59194675074406, 39.2753879864232], [-76.59256526274419, 39.275318096214846], [-76.59225635972382, 39.275489411185546], [-76.59237300233089, 39.275586600299405], [-76.59227228349984, 39.27577540922917], [-76.59204699929053, 39.2757439547426], [-76.59187372201879, 39.275810786470274], [-76.59209484881386, 39.27602210732191], [-76.59198824681577, 39.27620213201562], [-76.59063332663024, 39.27595754994508], [-76.5909306197865, 39.27589644398507], [-76.59085508017604, 39.27568951524614], [-76.58999999999999, 39.275436038436276], [-76.58999999999999, 39.275287751571575]]]}, "properties": {}}, {"type": "Feature", "geometry": {"type": "Polygon", "coordinates": [[[-76.59721755164445, 39.28449583109303], [-76.59641846731022, 39.28446429839677], [-76.59654789603698, 39.284369227101855], [-76.59654319005593, 39.28426286072942], [-76.59625413257746, 39.284154139983784], [-76.59610415232089, 39.28379448549068], [-76.59594177897814, 39.28387433897297], [-76.59587627995347, 39.28356943694187], [-76.59557733927966, 39.28350895871557], [-76.59555568974118, 39.283393100302185], [-76.59576332443622, 39.28318750520706], [-76.59583031352732, 39.28267865466209], [-76.59598743141146, 39.28253801001821], [-76.5959003611006, 39.28246019614222], [-76.59640866219083, 39.281990880232236], [-76.59627444924772, 39.28191149614762], [-76.59628307793928, 39.28167209404363], [-76.59616086602234, 39.28158823960934], [-76.5958696124902, 39.2815723158636], [-76.59581548774763, 39.28185117625204], [-76.595770069907, 39.28155113758777], [-76.59567139065113, 39.281383978194256], [-76.59554878665148, 39.28136860392269], [-76.59586765110407, 39.28124458710941], [-76.59630347199226, 39.28077542766421], [-76.59665324336491, 39.28129196533167], [-76.59721880687124, 39.28130475237208], [-76.596726978077, 39.28158761187675], [-76.59682314741285, 39.28167413362039], [-76.59690817814446, 39.282042572352125], [-76.5987671637765, 39.282022649426516], [-76.59883023111043, 39.28222008612429], [-76.59913732924225, 39.282295545608285], [-76.59911458168484, 39.282353749556286], [-76.59923796986055, 39.28240505053473], [-76.59921890848985, 39.282638806960556], [-76.59932252934055, 39.282736152537], [-76.59934190459373, 39.28293531590874], [-76.59917309863216, 39.28347452199146], [-76.59904782731692, 39.283347996210914], [-76.59894153917759, 39.28357657448548], [-76.59887917871957, 39.28340949518444], [-76.5986544430529, 39.283271044751245], [-76.59883266285638, 39.28322547139661], [-76.59888364905035, 39.283101061575], [-76.5988122677749, 39.28254365745451], [-76.59866252315696, 39.28240905151877], [-76.5982298389365, 39.2824292891784], [-76.59812480625436, 39.28320789922504], [-76.59801263492804, 39.28310569028139], [-76.59795372504398, 39.28330940223642], [-76.59762270217294, 39.28345718640707], [-76.59742722590109, 39.28371400425383], [-76.59737263081608, 39.28359587155148], [-76.5972840694618, 39.283590773493984], [-76.59732368329273, 39.28379919235053], [-76.59680808715221, 39.284296433042456], [-76.5969274743666, 39.28437534401569], [-76.59721284473056, 39.284364833096326], [-76.59721755164445, 39.28449583109303]], [[-76.59617671058545, 39.28105444451761], [-76.59594067985755, 39.281281454449406], [-76.59592867883268, 39.28130796734622], [-76.5962662908229, 39.281319184185065], [-76.59617671058545, 39.28105444451761]], [[-76.59747515356322, 39.28249266944553], [-76.59719488219419, 39.28254130313066], [-76.59708592675342, 39.282886917011375], [-76.59805342406538, 39.28293845265177], [-76.59800855571099, 39.28273364173958], [-76.59745248424501, 39.28268226254634], [-76.59738635752527, 39.28264508228139], [-76.59747515356322, 39.28249266944553]]]}, "properties": {}}, {"type": "Feature", "geometry": {"type": "MultiPolygon", "coordinates": [[[[-76.62049999999999, 39.26771440045435], [-76.62048267939348, 39.267690911939994], [-76.62049999999999, 39.26767265704871], [-76.62049999999999, 39.26771440045435]]], [[[-76.62049999999999, 39.26294909817719], [-76.61999343934968, 39.26265692803196], [-76.61957534615955, 39.262594095426095], [-76.61905927873849, 39.26258342807433], [-76.61862235980256, 39.262758274625725], [-76.61845080826618, 39.26272940735184], [-76.61834428446475, 39.26235029938721], [-76.61813476753719, 39.26208383491455], [-76.61813288439367, 39.261941932990844], [-76.61830647550873, 39.26167248640839], [-76.61800541699894, 39.261486188339646], [-76.61803043977022, 39.261300517970525], [-76.6181702229471, 39.26124451007699], [-76.61787787137801, 39.26111061008918], [-76.61779236942212, 39.26115053776191], [-76.61780837140634, 39.2610648001879], [-76.61750205744289, 39.260900229879276], [-76.61665763442926, 39.26054755660756], [-76.61640646503342, 39.26053547736057], [-76.61652946112658, 39.26065706154249], [-76.61633782841041, 39.26068977146774], [-76.61585855109546, 39.2616378934467], [-76.6153919024604, 39.26164063900366], [-76.61518528753695, 39.26140884581454], [-76.61518113009217, 39.26109068547025], [-76.61562550141154, 39.259905983296825], [-76.61553286178638, 39.25977200507048], [-76.61524882507668, 39.259779928775096], [-76.6148710507768, 39.26070538235434], [-76.61468106558137, 39.26091027150634], [-76.61416350803921, 39.2608264170867], [-76.61400505648373, 39.26069157645794], [-76.61349377419276, 39.260570226983845], [-76.6133142998518, 39.25987452888786], [-76.61313404137529, 39.25980283380576], [-76.61297464817764, 39.25845042277722], [-76.61282137291361, 39.258298717755686], [-76.61244987380209, 39.258164111828165], [-76.61115362789685, 39.258054372252644], [-76.61100811894843, 39.25813297031116], [-76.6108329594668, 39.25809688714862], [-76.61068721486492, 39.257707424739074], [-76.61028771177722, 39.25710217113001], [-76.61029265335723, 39.25679122853676], [-76.61045651772213, 39.256291791798795], [-76.61040113846717, 39.25623688287355], [-76.61029783054981, 39.2562836334173], [-76.610051680975, 39.25612157395287], [-76.61029114843716, 39.25533333333333], [-76.61055703366588, 39.25533333333333], [-76.61223933700754, 39.25678456019344], [-76.61408412469218, 39.2579014899245], [-76.61500620513358, 39.2582855394574], [-76.61863090914635, 39.25950538401261], [-76.61988597385087, 39.26016397816985], [-76.62049999999999, 39.260686750179524], [-76.62049999999999, 39.26294909817719]]]]}, "properties": {}}, {"type": "Feature", "geometry": {"type": "Polygon", "coordinates": [[[-76.60338234792488, 39.26227193844634], [-76.60359970936624, 39.262234991001726], [-76.60358213903298, 39.2622980583172], [-76.6053269138352, 39.26370043661564], [-76.60569645157186, 39.26368741484707], [-76.60547995254261, 39.26384233667109], [-76.60532299111001, 39.26380821487366], [-76.60338234792488, 39.26227193844634]]]}, "properties": {}}, {"type": "Feature", "geometry": {"type": "Polygon", "coordinates": [[[-76.59017765952892, 39.280931919918245], [-76.59017938524899, 39.280586540734745], [-76.59031563870944, 39.280487233783724], [-76.59036497834974, 39.280770722842504], [-76.59065278039266, 39.280677063427], [-76.59069976656752, 39.28075840701768], [-76.59046781502504, 39.2808424961586], [-76.5905031922601, 39.28091944763174], [-76.5907262012419, 39.280858185212125], [-76.59096364388002, 39.281032167471054], [-76.59074487055842, 39.28115649720512], [-76.59060979430029, 39.281421708130175], [-76.59038035265195, 39.281165989260224], [-76.59035242785896, 39.2810331099923], [-76.59017765952892, 39.280931919918245]]]}, "properties": {}}, {"type": "Feature", "geometry": {"type": "Polygon", "coordinates": [[[-76.62049999999999, 39.27143437660934], [-76.61997006368095, 39.271352168976144], [-76.61988754381308, 39.27126447190261], [-76.6199042517341, 39.27108264417151], [-76.61961221402473, 39.271012595672104], [-76.61983765468446, 39.270853047036255], [-76.61971512889342, 39.27047182124444], [-76.61948278525648, 39.27043416973645], [-76.61938630207392, 39.27049464797743], [-76.61928621093698, 39.2703988707484], [-76.61933798223039, 39.270181351002364], [-76.61967504566077, 39.27001991922782], [-76.61968139913441, 39.26984201422843], [-76.61991429224769, 39.26981197161015], [-76.62018224782531, 39.27012440244676], [-76.62027159335126, 39.27009396867818], [-76.62023488244738, 39.26978396672274], [-76.61989240708662, 39.26973117563609], [-76.61998912496095, 39.26964504690358], [-76.61977286154651, 39.26963743800462], [-76.61975929123287, 39.26950455873614], [-76.62021644875577, 39.269489497367495], [-76.62035207447734, 39.268945584380866], [-76.62027292692281, 39.26875018728045], [-76.62040612005283, 39.268592439826264], [-76.6203564665677, 39.26848701595425], [-76.62012686846532, 39.268365273451344], [-76.61999853773503, 39.26791996147784], [-76.61944936923564, 39.267894545700166], [-76.61956797226631, 39.26781273271636], [-76.62030092988049, 39.26780276939825], [-76.62032367836599, 39.26769185258196], [-76.62049999999999, 39.26766862620277], [-76.62049999999999, 39.269536391269106], [-76.62038211713285, 39.26963594786554], [-76.62049999999999, 39.26968112398036], [-76.62049999999999, 39.27143437660934]]]}, "properties": {}}, {"type": "Feature", "geometry": {"type": "Polygon", "coordinates": [[[-76.59091171530498, 39.28306897966488], [-76.59110374106496, 39.283451067859], [-76.59103298660902, 39.28353060841331], [-76.59076330436562, 39.28332799356876], [-76.59080958457824, 39.283091493465115], [-76.59091171530498, 39.28306897966488]]]}, "properties": {}}, {"type": "Feature", "geometry": {"type": "Polygon", "coordinates": [[[-76.62049999999999, 39.274187166423985], [-76.6201831896451, 39.27422446335851], [-76.61960287956363, 39.27406585352593], [-76.61976729250482, 39.27400835737778], [-76.62035356491268, 39.274122802022205], [-76.62049999999999, 39.274009805580576], [-76.62049999999999, 39.274187166423985]]]}, "properties": {}}, {"type": "Feature", "geometry": {"type": "MultiPolygon", "coordinates": [[[[-76.59547198839768, 39.2845], [-76.59545693139624, 39.28441801727915], [-76.59575587205788, 39.28428066578729], [-76.5956600948127, 39.28425305393369], [-76.59573304532127, 39.28406573698391], [-76.59548313133787, 39.283878183490266], [-76.59580787895024, 39.283644976533566], [-76.59547897389936, 39.28366411522853], [-76.59536774322181, 39.2837667954298], [-76.59531134418533, 39.28398807958248], [-76.59510112038271, 39.283704983547985], [-76.59487450344353, 39.283562612245795], [-76.59434894491558, 39.283624502388214], [-76.59433129541277, 39.28357312317474], [-76.59444801623677, 39.283442205267335], [-76.59507782332096, 39.28337780427499], [-76.59503468070756, 39.28316546268702], [-76.595129438147, 39.283075254760824], [-76.595100728244, 39.28286393390196], [-76.59519799560863, 39.28293719733484], [-76.59524404113671, 39.2828458923122], [-76.59532969957208, 39.28308553096871], [-76.59565170163965, 39.28276862789822], [-76.59561467688798, 39.28258774080497], [-76.59547034511824, 39.28244842982644], [-76.59574418381996, 39.282072067387304], [-76.59555396390796, 39.2818994169181], [-76.59568527484232, 39.281870080246236], [-76.59561875602597, 39.281675387225484], [-76.59569005996349, 39.28161459606098], [-76.59541865198943, 39.28158627827125], [-76.59523258857097, 39.281407667336396], [-76.59557380942994, 39.28129965250994], [-76.5955687886456, 39.280929330640454], [-76.5958370589894, 39.280900543443934], [-76.59607991352324, 39.280728049421086], [-76.59602398477973, 39.28054237905473], [-76.5962291095688, 39.28048456811809], [-76.59636732347703, 39.28059799391216], [-76.59659566711629, 39.281188109807466], [-76.59630347199226, 39.28077542766421], [-76.59586765110407, 39.28124458710941], [-76.59554878665148, 39.28136860392269], [-76.59567139065113, 39.281383978194256], [-76.595770069907, 39.28155113758777], [-76.59581548774763, 39.28185117625204], [-76.5958696124902, 39.2815723158636], [-76.59616086602234, 39.28158823960934], [-76.59628307793928, 39.28167209404363], [-76.59627444924772, 39.28191149614762], [-76.59640811364228, 39.28200107635382], [-76.5959003611006, 39.28246019614222], [-76.59598743141146, 39.28253801001821], [-76.59583031352732, 39.28267865466209], [-76.59576332443622, 39.28318750520706], [-76.59555568974118, 39.283393100302185], [-76.59557733927966, 39.28350895871557], [-76.59587314232658, 39.28356590722871], [-76.59593424830099, 39.28386767070223], [-76.59610062260707, 39.28379087754651], [-76.59625413257746, 39.284154139983784], [-76.59646333656683, 39.28419830330122], [-76.59655111189441, 39.28436169642581], [-76.59642144847386, 39.284450255911935], [-76.59651251856393, 39.2845], [-76.59547198839768, 39.2845]]], [[[-76.59705013891946, 39.2845], [-76.5970836516307, 39.28449661527184], [-76.59713879880441, 39.2845], [-76.59705013891946, 39.2845]]], [[[-76.59721170421074, 39.2845], [-76.59721284473056, 39.284364833096326], [-76.5969274743666, 39.28437534401569], [-76.59680808715221, 39.284296433042456], [-76.59732368329273, 39.28379919235053], [-76.5972840694618, 39.283590773493984], [-76.59737263081608, 39.28359587155148], [-76.59742722590109, 39.28371400425383], [-76.59762270217294, 39.28345718640707], [-76.59795372504398, 39.28330940223642], [-76.59801263492804, 39.28310569028139], [-76.59812480625436, 39.28320789922504], [-76.5982298389365, 39.2824292891784], [-76.59866252315696, 39.28240905151877], [-76.59880528657817, 39.28253479312466], [-76.59888474801095, 39.283095885283046], [-76.59883266285638, 39.28322547139661], [-76.59866197373107, 39.28329489220153], [-76.59887917871957, 39.28340949518444], [-76.59894404909285, 39.28357767344631], [-76.59904782731692, 39.283347996210914], [-76.59916509763814, 39.28348605363013], [-76.5993421402187, 39.28294072875651], [-76.59932252934055, 39.282736152537], [-76.59921890848985, 39.282638806960556], [-76.59923969560195, 39.28240897326619], [-76.59911081634607, 39.282346768361116], [-76.59917905995678, 39.282287938562355], [-76.5996831254198, 39.282293899009275], [-76.59939155803606, 39.282347004906555], [-76.59947596103798, 39.282420033646524], [-76.59940167687218, 39.28256036536289], [-76.59955903132449, 39.282617392112336], [-76.59951416208837, 39.283217156521616], [-76.59969724526216, 39.28320891989626], [-76.59980714135133, 39.28306254761908], [-76.59981827995016, 39.28269622484921], [-76.59994967005035, 39.28272101293092], [-76.60003062157286, 39.28284651984574], [-76.60007274436906, 39.282753016901644], [-76.5999219017232, 39.2826456316675], [-76.60005399683676, 39.28270407030338], [-76.60001493342558, 39.28262374557915], [-76.60020319288756, 39.2825457752307], [-76.60050589890052, 39.28261998115428], [-76.60100525745162, 39.28252412567193], [-76.60095011288804, 39.28243603557938], [-76.60087190691519, 39.282471176252656], [-76.60089802772141, 39.28237202763055], [-76.60136859815813, 39.28238599000388], [-76.60127721397645, 39.28257825041532], [-76.60146359126014, 39.28290997826286], [-76.60179155474876, 39.28297586933602], [-76.60187988048705, 39.283121142644845], [-76.60238598554703, 39.28312428118379], [-76.60288785401056, 39.28298638020382], [-76.60306120950808, 39.282832242555166], [-76.60320883629329, 39.28289319203652], [-76.60376660787621, 39.2845], [-76.59721170421074, 39.2845]], [[-76.59835369847245, 39.284279568592424], [-76.59891988968614, 39.284224579550376], [-76.59862989156548, 39.28401874978037], [-76.59853536880077, 39.28380578048263], [-76.59833291131045, 39.28370106069625], [-76.59826294195989, 39.28378264084754], [-76.59813045383147, 39.28378138542945], [-76.59791528843228, 39.28354096260396], [-76.59776672101854, 39.283601990327426], [-76.59781253096862, 39.28426717456924], [-76.59810103802934, 39.284277529004974], [-76.59813500336286, 39.28409224979098], [-76.5982085816003, 39.28418724284722], [-76.59830388852069, 39.284102289444164], [-76.59835369847245, 39.284279568592424]], [[-76.6009268159108, 39.28347962184969], [-76.60059728317258, 39.283892851633595], [-76.60097858725548, 39.28409593586072], [-76.6009268159108, 39.28347962184969]], [[-76.60262601634747, 39.28356127830344], [-76.60263856684053, 39.28333458316714], [-76.60273685400668, 39.28345632381218], [-76.60306944616481, 39.283438675233484], [-76.60292040749214, 39.28334532875858], [-76.60308184020234, 39.28332218910735], [-76.60325574426929, 39.2834972703294], [-76.60315447685485, 39.283130478176744], [-76.60299390654052, 39.28300552074532], [-76.60288808964174, 39.28309172770926], [-76.6026271925803, 39.283106161359235], [-76.60254247573847, 39.283291753499476], [-76.60262601634747, 39.28356127830344]], [[-76.60182857949869, 39.283127497993235], [-76.60153591407632, 39.28303595642727], [-76.60141432988034, 39.28310396534526], [-76.60138609124671, 39.28321715645201], [-76.60165396858187, 39.283344544631895], [-76.60180088941571, 39.28326524063062], [-76.60182857949869, 39.283127497993235]], [[-76.60293609564734, 39.283695412983896], [-76.60315573138519, 39.2837544010969], [-76.60349154034795, 39.28398792281619], [-76.60339231159959, 39.283626150493305], [-76.60293609564734, 39.283695412983896]]]]}, "properties": {}}, {"type": "Feature", "geometry": {"type": "Polygon", "coordinates": [[[-76.61814543490185, 39.261962798345586], [-76.61814504282421, 39.26211379929268], [-76.61836836568338, 39.262402462774226], [-76.61839511422347, 39.26266343803745], [-76.61862235980256, 39.262758274625725], [-76.61820787458647, 39.263171111394826], [-76.6181386111554, 39.26287530838727], [-76.61834538250363, 39.262499966680295], [-76.61806173785726, 39.262125172609394], [-76.61814543490185, 39.261962798345586]]]}, "properties": {}}, {"type": "Feature", "geometry": {"type": "Polygon", "coordinates": [[[-76.60741855805664, 39.28153811539984], [-76.60742742144211, 39.281306713358326], [-76.6072266114658, 39.281265686735466], [-76.60707404306622, 39.28095615789612], [-76.60700470049647, 39.28104746291962], [-76.6067821618219, 39.28093160451376], [-76.60661939547225, 39.28119697190214], [-76.60626617357518, 39.28111578664742], [-76.60635457659946, 39.28103734505337], [-76.60624593592446, 39.281037972768964], [-76.60623244384541, 39.28096188369987], [-76.60654675877878, 39.28072287274], [-76.6062855487781, 39.28050080442519], [-76.60626209432829, 39.2802599885744], [-76.60640807450467, 39.27983373704236], [-76.60653358051619, 39.28000756470589], [-76.60668097166607, 39.279896647884726], [-76.6067117211842, 39.280401104445055], [-76.60699403216783, 39.280638155879764], [-76.6072761084495, 39.280734246026476], [-76.60728536393981, 39.280793783627495], [-76.60717617378633, 39.28082586583804], [-76.6073438035232, 39.28087285292774], [-76.60718284113355, 39.2809367044223], [-76.60747221153174, 39.28096627577191], [-76.60760705312343, 39.28113814206918], [-76.60829004340009, 39.28107648661428], [-76.60794301760201, 39.281124414359226], [-76.60770706603007, 39.28124607678561], [-76.60788332356057, 39.28159522036891], [-76.60851187616143, 39.28167201535777], [-76.60969469530959, 39.28155262718637], [-76.61012377065784, 39.28159765103805], [-76.61016973703651, 39.281715236122814], [-76.60770753638516, 39.28184780255884], [-76.60765741258653, 39.281815327335984], [-76.60784104430424, 39.28172386398342], [-76.6077503651169, 39.28163805004494], [-76.6078044898685, 39.28150877871851], [-76.60741855805664, 39.28153811539984]]]}, "properties": {}}, {"type": "Feature", "geometry": {"type": "Polygon", "coordinates": [[[-76.59070439431154, 39.28076868323291], [-76.59085547351192, 39.28085081099367], [-76.59090387157198, 39.28092681996781], [-76.59072055370005, 39.28085755750083], [-76.5905060160311, 39.280920624823544], [-76.59046506948573, 39.28085159518195], [-76.59070439431154, 39.28076868323291]]]}, "properties": {}}, {"type": "Feature", "geometry": {"type": "Polygon", "coordinates": [[[-76.59096176168146, 39.28111272688997], [-76.59106067656155, 39.28127259030073], [-76.59104694887355, 39.28145284968435], [-76.59100184489849, 39.281311812029784], [-76.59079860324083, 39.28131290913543], [-76.59096176168146, 39.28111272688997]]]}, "properties": {}}, {"type": "Feature", "geometry": {"type": "Polygon", "coordinates": [[[-76.59086606272825, 39.28207606666849], [-76.59097650831299, 39.28217349233841], [-76.59088128056956, 39.28249251322861], [-76.59066878248728, 39.28238567561463], [-76.59062783593848, 39.28226040525419], [-76.59086606272825, 39.28207606666849]]]}, "properties": {}}, {"type": "Feature", "geometry": {"type": "Polygon", "coordinates": [[[-76.58999999999999, 39.275436038436276], [-76.59010259084182, 39.275425325083866], [-76.59018464038995, 39.275484313201744], [-76.58999999999999, 39.2755440415192], [-76.58999999999999, 39.275436038436276]]]}, "properties": {}}, {"type": "Feature", "geometry": {"type": "Polygon", "coordinates": [[[-76.61029114843716, 39.25533333333333], [-76.610051680975, 39.25612157395287], [-76.60915148667421, 39.25660461571226], [-76.60782770716872, 39.25696497620278], [-76.60787179134502, 39.2571030336245], [-76.60749660609558, 39.25758615545838], [-76.60748217246227, 39.25772476050019], [-76.6075872061308, 39.25783905056279], [-76.60715820903644, 39.25816403379374], [-76.60714809024348, 39.258651625963076], [-76.60662339504718, 39.25863923193926], [-76.60657256438327, 39.258749599276236], [-76.60670277731337, 39.25913239341532], [-76.60636814650918, 39.259470713184655], [-76.60595052364415, 39.259523033050314], [-76.60564875921402, 39.25970172223444], [-76.6051430462258, 39.25945165091585], [-76.602265732445, 39.256714513916634], [-76.60477296064178, 39.25533333333333], [-76.61029114843716, 39.25533333333333]]]}, "properties": {}}, {"type": "Feature", "geometry": {"type": "Polygon", "coordinates": [[[-76.61316847704757, 39.25995399121386], [-76.61317279187172, 39.260040432867065], [-76.6130552077072, 39.260103421955115], [-76.61322244537995, 39.26052120030114], [-76.61400505648373, 39.26069157645794], [-76.61407220207053, 39.260726089414305], [-76.61401399812458, 39.26085410718059], [-76.61406906445463, 39.26090101418068], [-76.6143313724728, 39.26092901904647], [-76.61462129236125, 39.261116729000875], [-76.61483771315679, 39.260920625946824], [-76.61500644088638, 39.26036745561074], [-76.61526851325777, 39.26003596243989], [-76.6153156568232, 39.2600678881825], [-76.61535495586362, 39.26022218228548], [-76.6152008973703, 39.26028313177806], [-76.61527118058541, 39.260343295225816], [-76.61506056564926, 39.26041954076547], [-76.61515116474797, 39.26058709131479], [-76.61496894585973, 39.26088838541076], [-76.6151766588105, 39.26108127352264], [-76.61518528753695, 39.26140884581454], [-76.6153919024604, 39.26164063900366], [-76.61521870341284, 39.26159584983588], [-76.61502424690869, 39.261350641873186], [-76.61489693601324, 39.261496149883556], [-76.61442299233198, 39.26159443798001], [-76.6142694823742, 39.261434965726686], [-76.6142038268921, 39.26120638745856], [-76.61385562482559, 39.2611300637087], [-76.61354138809448, 39.26089842698578], [-76.61344490490846, 39.26090352505017], [-76.61340027219904, 39.26102801124002], [-76.61329853355639, 39.261002675539295], [-76.61324142761464, 39.26071675572854], [-76.61293291759, 39.26052167156117], [-76.6128134511971, 39.26018029334493], [-76.61282302053473, 39.26010193184734], [-76.61316847704757, 39.25995399121386]]]}, "properties": {}}, {"type": "Feature", "geometry": {"type": "Polygon", "coordinates": [[[-76.62049999999999, 39.26651432765173], [-76.62000222475577, 39.266514837575016], [-76.61962994147017, 39.26637858506889], [-76.61959393649184, 39.26578721560589], [-76.61952930081677, 39.26569724237899], [-76.61964602164028, 39.26555816608412], [-76.61962978400928, 39.265283699679074], [-76.62006591877177, 39.26511559962968], [-76.62049999999999, 39.26512004600438], [-76.62049999999999, 39.26651432765173]]]}, "properties": {}}, {"type": "Feature", "geometry": {"type": "Polygon", "coordinates": [[[-76.60092203077384, 39.2834785228889], [-76.60098305851321, 39.283715809025], [-76.60094917142321, 39.28410244767056], [-76.60059485148814, 39.28388665461209], [-76.60092203077384, 39.2834785228889]]]}, "properties": {}}, {"type": "Feature", "geometry": {"type": "Polygon", "coordinates": [[[-76.59995790519694, 39.2739220710606], [-76.60027504482065, 39.27349033030593], [-76.60049954392713, 39.273560926425596], [-76.60031552014381, 39.274001689830335], [-76.60021707651337, 39.27384582551933], [-76.59995790519694, 39.2739220710606]]]}, "properties": {}}, {"type": "Feature", "geometry": {"type": "Polygon", "coordinates": [[[-76.60711828232472, 39.25866590314206], [-76.60684860010107, 39.25878497649246], [-76.60682263669595, 39.25900955566407], [-76.60670277731337, 39.25913239341532], [-76.60659782278556, 39.25866582493029], [-76.60670913169697, 39.25860785567232], [-76.60711828232472, 39.25866590314206]]]}, "properties": {}}, {"type": "Feature", "geometry": {"type": "Polygon", "coordinates": [[[-76.61803043977022, 39.261300517970525], [-76.61804299029218, 39.26154470520994], [-76.61777793674348, 39.26166770129176], [-76.61762921101959, 39.261970016116166], [-76.61754143573816, 39.26255471917528], [-76.61744479515558, 39.2625100063731], [-76.61732509405448, 39.26192867657262], [-76.61721857026986, 39.261822231972864], [-76.61680675233835, 39.261844274535356], [-76.6165950384511, 39.262081324125745], [-76.61648129784811, 39.262017001392145], [-76.61661590378475, 39.26169351015122], [-76.61735505842174, 39.26169076458427], [-76.61705862765811, 39.261551608210965], [-76.61709149496026, 39.26133746357925], [-76.61733513460554, 39.26126788630936], [-76.61803043977022, 39.261300517970525]]]}, "properties": {}}, {"type": "Feature", "geometry": {"type": "Polygon", "coordinates": [[[-76.59954067591858, 39.28321127242336], [-76.59955903132449, 39.282617392112336], [-76.59940167687218, 39.28256036536289], [-76.59947596103798, 39.282420033646524], [-76.59939328377723, 39.28234457229155], [-76.60088092769165, 39.282198199963155], [-76.60124771989264, 39.28225507024254], [-76.60170079821954, 39.28220769197425], [-76.60122952185407, 39.282420190043425], [-76.600877868307, 39.282377360385425], [-76.60087190691519, 39.282471176252656], [-76.60095458416923, 39.28243799694489], [-76.60103130003104, 39.28249337525613], [-76.60098917723148, 39.282531654485716], [-76.60050589890052, 39.28261998115428], [-76.60020319288756, 39.2825457752307], [-76.60001493342558, 39.28262374557915], [-76.60005399683676, 39.28270407030338], [-76.59992448986937, 39.28264429801327], [-76.6000751760567, 39.28281137731102], [-76.60002371860791, 39.28284706932642], [-76.59994967005035, 39.28272101293092], [-76.59981827995016, 39.28269622484921], [-76.59980714135133, 39.28306254761908], [-76.59969724526216, 39.28320891989626], [-76.59954067591858, 39.28321127242336]]]}, "properties": {}}, {"type": "Feature", "geometry": {"type": "MultiPolygon", "coordinates": [[[[-76.58999999999999, 39.26362000596236], [-76.59007529305141, 39.263761777824676], [-76.58999999999999, 39.263917651591385], [-76.58999999999999, 39.26362000596236]]], [[[-76.58999999999999, 39.26396802267062], [-76.5902165654289, 39.263956234286745], [-76.59024676543919, 39.26401639959853], [-76.58999999999999, 39.26403667213513], [-76.58999999999999, 39.26396802267062]]], [[[-76.58999999999999, 39.26473190063365], [-76.590896811164, 39.26498585814018], [-76.59084809832535, 39.26504759180242], [-76.5913485558534, 39.265212162103616], [-76.59140942618302, 39.26518682453438], [-76.59132525880585, 39.26511293338967], [-76.59142636973574, 39.26511803144667], [-76.59238814129007, 39.26542026613601], [-76.59279925327738, 39.26537422152346], [-76.59301990880043, 39.265218671987796], [-76.59347667423597, 39.26519427690237], [-76.59330465144872, 39.26514015215516], [-76.59337415140502, 39.264935654163246], [-76.59253482644357, 39.264434727346135], [-76.59254070959389, 39.264171006542256], [-76.59232311251229, 39.26395694015114], [-76.59230012931239, 39.26372475393703], [-76.59172303508875, 39.263566380660265], [-76.59159996077233, 39.263571791650094], [-76.59184563909793, 39.263736989672296], [-76.59130580524327, 39.263640821303966], [-76.5904479683906, 39.263356941119746], [-76.59021954652782, 39.262889351909415], [-76.59004956334036, 39.26288158468397], [-76.59053833272942, 39.26244333211394], [-76.5906537199068, 39.26243635091433], [-76.59107189226208, 39.26254177663538], [-76.5914500587405, 39.26310734099463], [-76.5916002745942, 39.26301972028091], [-76.59228381343542, 39.26321017762282], [-76.59259946203177, 39.26311251724382], [-76.59266009768764, 39.26340486876944], [-76.59249301743894, 39.26348276088616], [-76.59251607887087, 39.26373055793246], [-76.59243685310109, 39.26379127086614], [-76.59252400165087, 39.263996081776575], [-76.59287526310578, 39.26395411635989], [-76.59478484289215, 39.26458196194051], [-76.59543786879918, 39.264719784646445], [-76.59563295300786, 39.26484897773257], [-76.59537605690669, 39.26481916982582], [-76.5952511786249, 39.26493879265127], [-76.59552721435213, 39.26512815104742], [-76.59563907181338, 39.26508194812108], [-76.5958494520657, 39.265160076779814], [-76.59585925702254, 39.26499228967072], [-76.5965376195589, 39.26498162227456], [-76.59630653040938, 39.264870470774284], [-76.59654907199493, 39.26430984799068], [-76.5966171591064, 39.26365109732203], [-76.59926479549733, 39.264228897315235], [-76.60031128389292, 39.26433675376539], [-76.6003265799452, 39.264426646900326], [-76.60019197492086, 39.26444061115886], [-76.5996672005552, 39.2643143983177], [-76.59949321735134, 39.2645535657346], [-76.59896248159336, 39.26451607069991], [-76.59897589544478, 39.26464785287013], [-76.59926244207972, 39.26480418656093], [-76.59919514005048, 39.2650899499141], [-76.59937516289023, 39.26496703206673], [-76.59923883122406, 39.26547925400259], [-76.59818528339306, 39.26524008663131], [-76.59812284378569, 39.26528730842298], [-76.59846029932295, 39.26544897672851], [-76.59920541536425, 39.26555463713079], [-76.59909504803049, 39.2657798421543], [-76.59914674111569, 39.265933745101385], [-76.59933296193218, 39.26618609072204], [-76.5996412363261, 39.266282730348145], [-76.59961464521062, 39.26652872249272], [-76.59971693241299, 39.2667217670708], [-76.60008231364755, 39.26657814218627], [-76.60053829399367, 39.26681079963372], [-76.60063156133721, 39.267056791773825], [-76.60049130790243, 39.26808970881481], [-76.60067368422457, 39.26844599005575], [-76.60066293768132, 39.268305345418035], [-76.6008173892009, 39.26837319786333], [-76.60075871490716, 39.26801668006195], [-76.60089222184791, 39.2671279373725], [-76.60117672977367, 39.26657712141592], [-76.60157231007723, 39.266330108527846], [-76.60251266678577, 39.26650464210373], [-76.60241681130685, 39.26643577078912], [-76.60243728457279, 39.266360465892525], [-76.60259824696429, 39.26632681533237], [-76.60276313114711, 39.26614208559406], [-76.60323974121853, 39.266253943027856], [-76.60356911751109, 39.26610929555233], [-76.60309454610736, 39.26602999157415], [-76.60333559666118, 39.2657327766698], [-76.60354668284933, 39.26569920433908], [-76.60358158975559, 39.265600132085005], [-76.60402925522588, 39.265423717185705], [-76.60510343365321, 39.264559371392195], [-76.60504452373257, 39.26416873178741], [-76.60521160490623, 39.26398674758841], [-76.60359790541902, 39.26264359396214], [-76.60328915976365, 39.26234983056032], [-76.60334383306866, 39.26228676324348], [-76.60541657229713, 39.26385622083317], [-76.60590243876099, 39.26355108408833], [-76.60614192096747, 39.26326061382324], [-76.60648957355356, 39.26333748705375], [-76.6069164528275, 39.263138638452524], [-76.60668944285713, 39.2627846315035], [-76.60664865275605, 39.262422702716115], [-76.60670167948065, 39.26233461261962], [-76.60717193699676, 39.262413445348486], [-76.6074348727206, 39.2623434769224], [-76.6078141371954, 39.26236606707317], [-76.60829412141999, 39.261996136341324], [-76.60782119657037, 39.261514741211485], [-76.60710502602001, 39.261024090605154], [-76.60641866245034, 39.26040714704345], [-76.60547893342562, 39.259779929138254], [-76.6051430462258, 39.25945165091585], [-76.60564875921402, 39.25970172223444], [-76.60595052364415, 39.259523033050314], [-76.60636814650918, 39.259470713184655], [-76.60682263669595, 39.25900955566407], [-76.60684860010107, 39.25878497649246], [-76.60719546849568, 39.25857687054591], [-76.60715820903644, 39.25816403379374], [-76.6075872061308, 39.25783905056279], [-76.60747307343564, 39.257687423770925], [-76.60752335461616, 39.25753014756904], [-76.60778793783508, 39.25721622473349], [-76.60814194389575, 39.25712993952921], [-76.60828172706577, 39.25696317314497], [-76.60818257656604, 39.25688543750037], [-76.60915148667421, 39.25660461571226], [-76.60999057501971, 39.25613035819143], [-76.61029783054981, 39.2562836334173], [-76.61040113846717, 39.25623688287355], [-76.61045275332012, 39.2563732136227], [-76.61029265335723, 39.25679122853676], [-76.61028771177722, 39.25710217113001], [-76.61068721486492, 39.257707424739074], [-76.6108329594668, 39.25809688714862], [-76.61100811894843, 39.25813297031116], [-76.61115362789685, 39.258054372252644], [-76.61261005202296, 39.25818348706089], [-76.61297464817764, 39.25845042277722], [-76.6131680067293, 39.25995022494474], [-76.61282302053473, 39.26010193184734], [-76.6128134511971, 39.26018029334493], [-76.61293291759, 39.26052167156117], [-76.61324142761464, 39.26071675572854], [-76.61329853355639, 39.261002675539295], [-76.61340027219904, 39.26102801124002], [-76.61344490490846, 39.26090352505017], [-76.61354138809448, 39.26089842698578], [-76.61385562482559, 39.2611300637087], [-76.6142038268921, 39.26120638745856], [-76.6142694823742, 39.261434965726686], [-76.61442299233198, 39.26159443798001], [-76.61489693601324, 39.261496149883556], [-76.61502424690869, 39.261350641873186], [-76.61521870341284, 39.26159584983588], [-76.6155648658833, 39.261687391399846], [-76.61563742432733, 39.26186411920422], [-76.61587016005552, 39.26197189745342], [-76.61605065414948, 39.2619288330823], [-76.61614282344131, 39.26181556374206], [-76.61612501652888, 39.26150203393515], [-76.61631311952083, 39.2612982418815], [-76.61662186516914, 39.26147795177272], [-76.61665810574502, 39.261626441872366], [-76.6162628383711, 39.26195526773966], [-76.61591847988812, 39.2621083865277], [-76.61605763536251, 39.26220063404203], [-76.61606587199032, 39.2623368865617], [-76.61619592750591, 39.26238089155732], [-76.61660868700083, 39.26229460635062], [-76.61690441181469, 39.262319472657346], [-76.61714169705586, 39.26243987964308], [-76.61722586537081, 39.26261770640799], [-76.6171482079589, 39.26284448164071], [-76.61722523768337, 39.263011482710105], [-76.6171962139537, 39.26327261630014], [-76.6174535021376, 39.26323410050652], [-76.61755955560375, 39.263334506409336], [-76.6177575418076, 39.263350899545244], [-76.6179039923211, 39.26323441527679], [-76.61777087732779, 39.261858393352625], [-76.61791097343475, 39.26189274984402], [-76.61803585264188, 39.26167609436277], [-76.61825140918695, 39.26175908638877], [-76.61806173785726, 39.262125172609394], [-76.61834538250363, 39.262499966680295], [-76.6181386111554, 39.26287530838727], [-76.61820787458647, 39.263171111394826], [-76.61836044389098, 39.26305078262569], [-76.61853968256679, 39.26308874892271], [-76.61870982220316, 39.26288174194367], [-76.61916117478441, 39.26276564695666], [-76.61878057665449, 39.26272854493471], [-76.6190653975297, 39.26258287859367], [-76.61936261245917, 39.2625940172029], [-76.61931091938823, 39.262670890448184], [-76.61947266595978, 39.26273693798957], [-76.61994684527444, 39.26278149245301], [-76.62017895329878, 39.263015640025], [-76.62031661771663, 39.2629684182305], [-76.62049999999999, 39.263077115201334], [-76.62049999999999, 39.26512004600438], [-76.61915489967656, 39.265131836344594], [-76.619300722493, 39.265251695715826], [-76.61917043044383, 39.26557338391567], [-76.61912069877194, 39.26618679592902], [-76.61913073937161, 39.26631449890555], [-76.61932245033447, 39.266534449395], [-76.62049999999999, 39.26651432765173], [-76.62049999999999, 39.26766862620277], [-76.62032367836599, 39.26769185258196], [-76.62030092988049, 39.26780276939825], [-76.61956797226631, 39.26781273271636], [-76.61944936923564, 39.267894545700166], [-76.61999853773503, 39.26791996147784], [-76.62012686846532, 39.268365273451344], [-76.62040172793294, 39.268572908125556], [-76.62027292692281, 39.26875018728045], [-76.62035207447734, 39.268945584380866], [-76.62021644875577, 39.269489497367495], [-76.61975929123287, 39.26950455873614], [-76.61977286154651, 39.26963743800462], [-76.61998912496095, 39.26964504690358], [-76.61989240708662, 39.26973117563609], [-76.62023166658935, 39.26978028054736], [-76.62027386764143, 39.270089733022246], [-76.62018224782531, 39.27012440244676], [-76.61991429224769, 39.26981197161015], [-76.61968139913441, 39.26984201422843], [-76.61967504566077, 39.27001991922782], [-76.61933798223039, 39.270181351002364], [-76.61928621093698, 39.2703988707484], [-76.61938630207392, 39.27049464797743], [-76.61948278525648, 39.27043416973645], [-76.61971512889342, 39.27047182124444], [-76.61983765468446, 39.270853047036255], [-76.61961221402473, 39.271012595672104], [-76.6199042517341, 39.27108264417151], [-76.61988754381308, 39.27126447190261], [-76.61997006368095, 39.271352168976144], [-76.62049999999999, 39.27143437660934], [-76.62049999999999, 39.27366221111329], [-76.62034164209528, 39.27376550190795], [-76.62046730454276, 39.27351268502655], [-76.62033458173079, 39.27366940988832], [-76.61990331033032, 39.27374032268206], [-76.62015950049376, 39.27385115939438], [-76.61975254592636, 39.27381005641078], [-76.61985483404447, 39.27375091182375], [-76.61959456469226, 39.27372785041912], [-76.61954632308507, 39.273499270287815], [-76.61954624486978, 39.27375655937642], [-76.61964366869253, 39.2737627563945], [-76.6195644429219, 39.273812174245684], [-76.61958844591422, 39.27394176035649], [-76.61948749238425, 39.27404216440442], [-76.61934080623922, 39.274045537661024], [-76.61946709734846, 39.27409974064103], [-76.61922118340519, 39.27404922384097], [-76.61932880428378, 39.27408334750293], [-76.61941210925409, 39.2741262535395], [-76.61911489432596, 39.27413739217061], [-76.61885541009364, 39.27435396942591], [-76.61880575660167, 39.274135980296855], [-76.6186961734283, 39.27414233378493], [-76.61853858525134, 39.27469158138919], [-76.61804157921112, 39.27461282689224], [-76.6181715574293, 39.27469464172932], [-76.61803899107342, 39.27475143379629], [-76.61793144751901, 39.27511202893478], [-76.61768945539202, 39.27531581912778], [-76.61742542163927, 39.275397790441765], [-76.61762654547246, 39.2754581904407], [-76.61725692856606, 39.275350021040914], [-76.61717605526144, 39.275010604189006], [-76.61732760477182, 39.274962126970955], [-76.61735466714586, 39.27486768339138], [-76.6171709571942, 39.274915139880775], [-76.61710247701127, 39.2747104090635], [-76.61704803933726, 39.27487654773289], [-76.61697014627714, 39.274719977478476], [-76.6168878611306, 39.27508779036759], [-76.61694684926229, 39.27515281904588], [-76.61681687199128, 39.27532813497238], [-76.61661888578593, 39.275287503230444], [-76.61634535999464, 39.27543607157276], [-76.61624040549108, 39.275362256797266], [-76.6158763579175, 39.27561531024349], [-76.61596068268483, 39.27563084097877], [-76.61609191540364, 39.27585541828193], [-76.61597205698028, 39.27643125887486], [-76.61586443517407, 39.27645659458331], [-76.61562275688263, 39.2763307747498], [-76.61555764994971, 39.27610337181104], [-76.61534726973115, 39.27657363020865], [-76.61491835179483, 39.27682840846709], [-76.6151417528655, 39.27679899169799], [-76.61520544790439, 39.27688747480852], [-76.61543771331165, 39.276947247094576], [-76.61550925197429, 39.27740205111174], [-76.6156458183656, 39.2774055808201], [-76.61564134706775, 39.27713338870467], [-76.61591330451223, 39.27699917390891], [-76.61624064029256, 39.277119033273415], [-76.61646137498664, 39.277102325334866], [-76.61665598885718, 39.276903946128954], [-76.61753798514168, 39.276950227249294], [-76.61761179806574, 39.27693257868022], [-76.61741538113495, 39.276818601545415], [-76.61774781589884, 39.27679028559588], [-76.61781551096796, 39.27685460646849], [-76.61795498028361, 39.276711372748025], [-76.61793191794833, 39.27691892920197], [-76.61817540111491, 39.276581551934804], [-76.61846665370872, 39.27648295092065], [-76.61865812994323, 39.27613474982217], [-76.6187339042384, 39.276201738002975], [-76.61956130544986, 39.27632238152267], [-76.6190435132068, 39.27611741416601], [-76.6196001341559, 39.27621060230067], [-76.61975238867053, 39.27604595374406], [-76.61969269555667, 39.27645557557375], [-76.62011055308977, 39.275992769613204], [-76.62049999999999, 39.27572799675922], [-76.62049999999999, 39.277950655282545], [-76.61967928190701, 39.27959958896809], [-76.61924573536709, 39.28100580998513], [-76.61934982746489, 39.28106707239239], [-76.61994166907549, 39.27942811567418], [-76.62030665725592, 39.27870229671727], [-76.62036925332977, 39.27872551459127], [-76.62030148005115, 39.27901245513651], [-76.62049999999999, 39.27849232789563], [-76.62049999999999, 39.2845], [-76.61383365225207, 39.2845], [-76.61394999161453, 39.28437377503499], [-76.61371749057206, 39.28414221654025], [-76.61379569747105, 39.28402369081481], [-76.6135334667386, 39.28376757892797], [-76.61398066187915, 39.28340078675496], [-76.6143575738251, 39.28330461835273], [-76.61413440743928, 39.283196681778186], [-76.61418586488213, 39.28306340948917], [-76.61330488838551, 39.2828454986224], [-76.61344427854212, 39.282759369888154], [-76.61327688442671, 39.28265904408126], [-76.6133907032386, 39.2823630846047], [-76.61377373303736, 39.282153095522204], [-76.6136319894074, 39.28190851526928], [-76.61335728734859, 39.28194734398806], [-76.6132116209939, 39.281820268728076], [-76.61300500608638, 39.281845997458184], [-76.61291417136799, 39.28175986873273], [-76.61255836040084, 39.28180104997582], [-76.61260942577904, 39.28202955001336], [-76.61239080891919, 39.28214446779964], [-76.61223722073258, 39.28202366779264], [-76.61191772855884, 39.28199166382906], [-76.61165157602846, 39.28177987173002], [-76.61080009359684, 39.28158164902503], [-76.6107198480309, 39.28168142722341], [-76.61032097269427, 39.281718294581125], [-76.61016973703651, 39.281715236122814], [-76.6100338765793, 39.28157184408762], [-76.60969469530959, 39.28155262718637], [-76.60851187616143, 39.28167201535777], [-76.60788818692868, 39.281596710485154], [-76.60770706603007, 39.28124607678561], [-76.60794301760201, 39.281124414359226], [-76.60829004340009, 39.28107648661428], [-76.60760705312343, 39.28113814206918], [-76.60747221153174, 39.28096627577191], [-76.60718284113355, 39.2809367044223], [-76.6073438035232, 39.28087285292774], [-76.60717617378633, 39.28082586583804], [-76.60728536393981, 39.280793783627495], [-76.6072761084495, 39.280734246026476], [-76.60699403216783, 39.280638155879764], [-76.6067117211842, 39.280401104445055], [-76.60668097166607, 39.279896647884726], [-76.60653358051619, 39.28000756470589], [-76.60641066265089, 39.279832561713064], [-76.60626209432829, 39.2802599885744], [-76.6062855487781, 39.28050080442519], [-76.60654675877878, 39.28072287274], [-76.60623244384541, 39.28096188369987], [-76.60624593592446, 39.281037972768964], [-76.60635457659946, 39.28103734505337], [-76.60626617357518, 39.28111578664742], [-76.60661939547225, 39.28119697190214], [-76.6067821618219, 39.28093160451376], [-76.60700470049647, 39.28104746291962], [-76.60707404306622, 39.28095615789612], [-76.6072266114658, 39.281265686735466], [-76.60742122441931, 39.28129926091376], [-76.60745016994119, 39.28141645298101], [-76.60740812537911, 39.28155874419938], [-76.60719115602281, 39.28156533424731], [-76.60687762523949, 39.2814177065627], [-76.60673619548037, 39.281417237181344], [-76.60670058263194, 39.28152438772903], [-76.60662182717674, 39.281529564023884], [-76.60569025560993, 39.28091905404877], [-76.60524274655923, 39.28040651734769], [-76.60522760787616, 39.279920102371186], [-76.60594181794757, 39.279690190419934], [-76.60597978331958, 39.27961606271461], [-76.60600002094904, 39.27934826271659], [-76.60589640007778, 39.27891738438228], [-76.60595154462592, 39.2787545388702], [-76.60586745453803, 39.2785116051938], [-76.60573598713924, 39.27850368336715], [-76.60568790198306, 39.27809382684826], [-76.60576430397796, 39.277967535753646], [-76.60569480493167, 39.27782547737013], [-76.60556035636371, 39.27774342783987], [-76.60333999046263, 39.27794643579537], [-76.60351138552717, 39.277819908141325], [-76.60388029555048, 39.27777943284035], [-76.60391998757247, 39.277337885267215], [-76.60467804619388, 39.277219439610306], [-76.6045545788226, 39.27663018611602], [-76.60433666882881, 39.2766150465412], [-76.60451543716208, 39.27625484441821], [-76.604264424215, 39.276021950407305], [-76.60444727081682, 39.2757543869591], [-76.60436694699231, 39.27540885131653], [-76.60352024878296, 39.275481567166594], [-76.6034149021638, 39.27494196807597], [-76.60327982588254, 39.2748322284574], [-76.60293091787872, 39.27484399480197], [-76.60300857528826, 39.27457996107111], [-76.6026526069214, 39.27451916805977], [-76.60246277909377, 39.27430588584123], [-76.60212210772326, 39.27454434732173], [-76.60175170663925, 39.274374993741894], [-76.60165357593823, 39.27430016009904], [-76.6018790165921, 39.274046087790815], [-76.60175680467094, 39.27389477392377], [-76.60185422942305, 39.273867005600685], [-76.6019188650797, 39.273658352046766], [-76.60185226803709, 39.27354288479066], [-76.60195385021643, 39.273547904616564], [-76.60162933727354, 39.27339463125399], [-76.60140852434614, 39.27337596196607], [-76.60168581549408, 39.27352343132712], [-76.60120230153443, 39.27354672931523], [-76.60079911234064, 39.27407769878814], [-76.60041749442976, 39.27432682950363], [-76.60025888548402, 39.27424485820538], [-76.60021942998361, 39.27412868686814], [-76.60049703401172, 39.27355716201909], [-76.60027041614607, 39.27349236804024], [-76.60005885965568, 39.27378213236146], [-76.60000638240199, 39.27371522054836], [-76.60013832103893, 39.273538177949256], [-76.5999910080989, 39.27330552049035], [-76.59971214860715, 39.27321955009674], [-76.59968641894095, 39.27306784320778], [-76.59956695256825, 39.27305497978218], [-76.5996168416764, 39.27313491148764], [-76.5995409891533, 39.273119457120494], [-76.59918086334348, 39.272771727292], [-76.59870260576892, 39.27277494223594], [-76.59844241560576, 39.27318487886013], [-76.59832608686312, 39.27322621655659], [-76.59820199180305, 39.27300893337296], [-76.59840758691685, 39.27305897892527], [-76.59816567392502, 39.27282051746661], [-76.59761854410323, 39.27298689271018], [-76.5972279053744, 39.272835813546486], [-76.59706686475792, 39.27296869282128], [-76.59690660830478, 39.27293127600398], [-76.59671874094472, 39.27325288783751], [-76.5966871290752, 39.27361999291941], [-76.59644709830323, 39.27364509393945], [-76.59639736657664, 39.27337188295871], [-76.59665457558549, 39.273129027500524], [-76.59654209133862, 39.27308753148782], [-76.59619153584005, 39.27334984041919], [-76.59617772991588, 39.27344820672968], [-76.5961140358131, 39.273438792921596], [-76.59615302097137, 39.273162130455454], [-76.59601896450472, 39.27331360079425], [-76.59580732883673, 39.27335784235869], [-76.59584035262473, 39.2735286879299], [-76.59578018823996, 39.27358846022705], [-76.59530130295143, 39.273553554267664], [-76.59512480982389, 39.27365380185642], [-76.59505789894524, 39.273860652369336], [-76.59463902065964, 39.27395501773235], [-76.59451375029009, 39.274061855358894], [-76.59451194632464, 39.27417488813984], [-76.59428587701848, 39.27427662770931], [-76.5943857334754, 39.27459133470525], [-76.59415291860647, 39.27483450308685], [-76.59429952652367, 39.2748834515431], [-76.59428266120585, 39.27501217338777], [-76.59405565126174, 39.275084810983714], [-76.59402145122904, 39.275175410063135], [-76.59387249078577, 39.27505414066917], [-76.59354970360303, 39.27520788530541], [-76.59338379962202, 39.27539802789173], [-76.59351879767378, 39.275533024983645], [-76.59261656372799, 39.27523745670029], [-76.59205445171602, 39.275416775468265], [-76.59194675074406, 39.2753879864232], [-76.59158623381731, 39.27567061122958], [-76.59118822181398, 39.27565978741114], [-76.59087665146127, 39.27544579925469], [-76.59046483353309, 39.275520552822755], [-76.59017577698172, 39.2753459428542], [-76.59015891164938, 39.27523933992635], [-76.58999999999999, 39.275287751571575], [-76.58999999999999, 39.26473190063365]]]]}, "properties": {}}, {"type": "Feature", "geometry": {"type": "Polygon", "coordinates": [[[-76.59984596946789, 39.273373922427304], [-76.5992425188032, 39.27315185412521], [-76.59916423458594, 39.272972065994466], [-76.59904068901639, 39.2729144897632], [-76.59887541273483, 39.272906802631404], [-76.59878316520997, 39.27298853924559], [-76.59876088798137, 39.27322190265322], [-76.59860784835575, 39.27329218586257], [-76.598570902771, 39.273184094681596], [-76.59831863442045, 39.273273360114906], [-76.59816394820993, 39.27324512055196], [-76.59821501357007, 39.273182289791364], [-76.59812606105756, 39.273134518524905], [-76.59798917988861, 39.273285519477085], [-76.597896854126, 39.273259319508654], [-76.5978424164299, 39.27306423533201], [-76.59761854410323, 39.27298689271018], [-76.59816567392502, 39.27282051746661], [-76.59840578294424, 39.27305568576799], [-76.59820199180305, 39.27300893337296], [-76.5983076531893, 39.2732215897458], [-76.5983939383902, 39.27322088379994], [-76.59870260576892, 39.27277494223594], [-76.59916980388425, 39.272768510503646], [-76.5995409891533, 39.273119457120494], [-76.5996168416764, 39.27313491148764], [-76.59956695256825, 39.27305497978218], [-76.59968641894095, 39.27306784320778], [-76.59971214860715, 39.27321955009674], [-76.5999910080989, 39.27330552049035], [-76.60013902698185, 39.27354319964155], [-76.60000638240199, 39.27371522054836], [-76.59984596946789, 39.273373922427304]]]}, "properties": {}}, {"type": "Feature", "geometry": {"type": "MultiPolygon", "coordinates": [[[[-76.58999999999999, 39.25533333333333], [-76.60477296064178, 39.25533333333333], [-76.60258467605827, 39.25656092388034], [-76.59904209999206, 39.25812144098019], [-76.5981802631409, 39.25837904302526], [-76.597108830205, 39.25845536496537], [-76.59589737938907, 39.258426499592645], [-76.59375082638778, 39.25821870852588], [-76.59108405041519, 39.258199333386166], [-76.58999999999999, 39.25811062113848], [-76.58999999999999, 39.25533333333333]]], [[[-76.58999999999999, 39.276900027143085], [-76.59159729430311, 39.27722187084906], [-76.59293519268782, 39.277257797506], [-76.5957743052546, 39.27653354680464], [-76.59673254705494, 39.27617930511834], [-76.5976678056841, 39.27606077936112], [-76.59886113668448, 39.27612235651508], [-76.60051617381076, 39.276528055549484], [-76.60170260187374, 39.27704027929862], [-76.60222800396735, 39.27742934867587], [-76.6026331536717, 39.27813171317172], [-76.6030589350048, 39.279374775722324], [-76.60349365793662, 39.280096830242876], [-76.60388272740681, 39.2805796372611], [-76.60463811969856, 39.28123642839586], [-76.60684820949014, 39.282770745309826], [-76.60765498097727, 39.28303022856472], [-76.60953310624956, 39.28340227703683], [-76.60973626968548, 39.283553199745356], [-76.60978231523657, 39.283832998903414], [-76.60958205382028, 39.28396713546557], [-76.60913917254885, 39.28403757514776], [-76.60740067305635, 39.283551944409204], [-76.60609219047397, 39.28302246325378], [-76.60418472755893, 39.28198232853739], [-76.60321605301748, 39.28132240071542], [-76.60259008945914, 39.28067925904227], [-76.6023550784919, 39.28029058080974], [-76.60184120797582, 39.27888922319548], [-76.60146688506475, 39.278291029011996], [-76.60100745322673, 39.27790635175046], [-76.60022703910161, 39.2775431675676], [-76.59903002098235, 39.277292390332136], [-76.59701203431945, 39.27725771912352], [-76.59626785986195, 39.27741930737548], [-76.5948679139888, 39.27794980749879], [-76.59386770584138, 39.278182465000185], [-76.59194228058028, 39.27841080864893], [-76.58999999999999, 39.27839535225774], [-76.58999999999999, 39.276900027143085]]], [[[-76.62049999999999, 39.260686750179524], [-76.61974015103532, 39.26005957316833], [-76.61889062995434, 39.25961143558837], [-76.61481323875677, 39.258216118665935], [-76.613851624588, 39.257783435459935], [-76.61223933700754, 39.25678456019344], [-76.61055703366588, 39.25533333333333], [-76.6127436122565, 39.25533333333333], [-76.61369521161645, 39.25631634320914], [-76.61455885342569, 39.256944267059616], [-76.61522066451455, 39.25729843045476], [-76.61631680640423, 39.25765965512273], [-76.62049999999999, 39.25864148151894], [-76.62049999999999, 39.260686750179524]]]]}, "properties": {}}, {"type": "Feature", "geometry": {"type": "Polygon", "coordinates": [[[-76.62049999999999, 39.26968112398036], [-76.62038384287453, 39.26964363500359], [-76.62043169237431, 39.2695382874962], [-76.62049999999999, 39.269536391269106], [-76.62049999999999, 39.26968112398036]]]}, "properties": {}}, {"type": "Feature", "geometry": {"type": "Polygon", "coordinates": [[[-76.59453791012409, 39.28035890480085], [-76.59451594673757, 39.28036925924818], [-76.59450182695153, 39.28036894446151], [-76.59453791012409, 39.28035890480085]]]}, "properties": {}}, {"type": "Feature", "geometry": {"type": "Polygon", "coordinates": [[[-76.59690817814446, 39.282042572352125], [-76.59682314741285, 39.28167413362039], [-76.596726978077, 39.28158761187675], [-76.59695869398927, 39.28141174646585], [-76.59721880687124, 39.28130475237208], [-76.59674509787766, 39.28131016337495], [-76.59665324336491, 39.28129196533167], [-76.59662822057938, 39.28124693960244], [-76.59722531681615, 39.28127470789969], [-76.59721731582371, 39.28131220295423], [-76.59711330289468, 39.28135456138004], [-76.59720806035301, 39.28157113862192], [-76.5983418537431, 39.28159890689921], [-76.59822387748983, 39.28163224453311], [-76.59840170428193, 39.281697586131415], [-76.59755963474666, 39.28176159597622], [-76.59748276242968, 39.28182168119832], [-76.5975747743365, 39.28184693866808], [-76.59754057336924, 39.28188623862717], [-76.5973929465824, 39.28179814853809], [-76.59729905248014, 39.281902711873265], [-76.59738816145509, 39.28195346337255], [-76.59737263072175, 39.282063515920996], [-76.59690817814446, 39.282042572352125]]]}, "properties": {}}, {"type": "Feature", "geometry": {"type": "Polygon", "coordinates": [[[-76.59222004187657, 39.2758021586834], [-76.59212457849357, 39.2758790300676], [-76.59209971218407, 39.27605795579746], [-76.59186995668118, 39.27582184685953], [-76.59204699929053, 39.2757439547426], [-76.59222004187657, 39.2758021586834]]]}, "properties": {}}, {"type": "Feature", "geometry": {"type": "Polygon", "coordinates": [[[-76.61571349383077, 39.25533333333333], [-76.61589651609737, 39.25554604793395], [-76.6155721605555, 39.255512553854274], [-76.61537655917863, 39.25533333333333], [-76.61571349383077, 39.25533333333333]]]}, "properties": {}}, {"type": "Feature", "geometry": {"type": "Polygon", "coordinates": [[[-76.5965174606891, 39.27384143353869], [-76.59698983505494, 39.27315248192049], [-76.59728869748733, 39.27304462542035], [-76.59732219157404, 39.27290005804966], [-76.59781205902819, 39.273038584841636], [-76.5978541036093, 39.27320723435345], [-76.59798917988861, 39.273285519477085], [-76.59812606105756, 39.273134518524905], [-76.59821501357007, 39.273182289791364], [-76.59816394820993, 39.27324512055196], [-76.59831863442045, 39.273273360114906], [-76.598570902771, 39.273184094681596], [-76.59860784835575, 39.27329218586257], [-76.59876088798137, 39.27322190265322], [-76.59878316520997, 39.27298853924559], [-76.59887541273483, 39.272906802631404], [-76.59916423458594, 39.272972065994466], [-76.5992425188032, 39.27315185412521], [-76.59898821177819, 39.2730984353238], [-76.59891431969389, 39.27315059871439], [-76.59850603151364, 39.273783151286274], [-76.5981017433208, 39.27369592547418], [-76.59728477570202, 39.27329218591176], [-76.59703572320599, 39.2733277978407], [-76.5968393845297, 39.27359355824849], [-76.5965174606891, 39.27384143353869]]]}, "properties": {}}, {"type": "Feature", "geometry": {"type": "Polygon", "coordinates": [[[-76.58999999999999, 39.25811062113848], [-76.59108405041519, 39.258199333386166], [-76.59375082638778, 39.25821870852588], [-76.59589737938907, 39.258426499592645], [-76.597108830205, 39.25845536496537], [-76.59831682953045, 39.2583537054532], [-76.59926354062402, 39.25802558550806], [-76.60389143317646, 39.26159961466355], [-76.60377667371382, 39.261657269134616], [-76.60378373314578, 39.261732574030184], [-76.60558922181791, 39.263148992948395], [-76.60588361299806, 39.26350997922756], [-76.60571119813783, 39.26368262971003], [-76.60547705052997, 39.263670313906616], [-76.60474448496953, 39.263139735631356], [-76.60441361852826, 39.2627617266362], [-76.60383338666372, 39.26237218601154], [-76.60347883109398, 39.26199370576785], [-76.60330727955753, 39.26196201472341], [-76.60304230424256, 39.26212940882366], [-76.60521160490623, 39.26398674758841], [-76.60498985042665, 39.26421532586728], [-76.60468086917224, 39.26433808725718], [-76.60192749307275, 39.262061949432145], [-76.60165687020184, 39.26199950983892], [-76.60454139984918, 39.264362011081516], [-76.60447817607776, 39.26456893982549], [-76.6036233204454, 39.26519105973635], [-76.60289718760905, 39.265914133167286], [-76.60256741922201, 39.26593594103332], [-76.60054888291835, 39.263293951660785], [-76.59952506471664, 39.26209073857073], [-76.59914611317481, 39.262205654500264], [-76.59909583292622, 39.262373126823654], [-76.6003366205142, 39.264055540856695], [-76.60035199480224, 39.26422097358084], [-76.59897362111845, 39.26406424877515], [-76.59637438278561, 39.26352896366414], [-76.58999999999999, 39.2612208095285], [-76.58999999999999, 39.25811062113848]]]}, "properties": {}}, {"type": "Feature", "geometry": {"type": "Polygon", "coordinates": [[[-76.58999999999999, 39.27839535225774], [-76.59194228058028, 39.27841080864893], [-76.59386770584138, 39.278182465000185], [-76.5948679139888, 39.27794980749879], [-76.59626785986195, 39.27741930737548], [-76.59701203431945, 39.27725771912352], [-76.59883485854962, 39.277278113161515], [-76.5998225152818, 39.2774186813945], [-76.60085582547683, 39.27781833989247], [-76.60146688506475, 39.278291029011996], [-76.60189046937408, 39.2789959825844], [-76.6023993982902, 39.28038439667513], [-76.60307258365374, 39.28119987589841], [-76.60433447217447, 39.28207700866641], [-76.60590832312026, 39.28293217710679], [-76.60718386108869, 39.28347993454132], [-76.60896895466689, 39.28400831671823], [-76.60948572709796, 39.283994982019706], [-76.60979157072133, 39.28380327108066], [-76.60972003206972, 39.28352645029367], [-76.60953310624956, 39.28340227703683], [-76.60765498097727, 39.28303022856472], [-76.60671250549954, 39.28269897013227], [-76.60463811969856, 39.28123642839586], [-76.60388272740681, 39.2805796372611], [-76.60349365793662, 39.280096830242876], [-76.60519983956047, 39.280031881592606], [-76.60524274655923, 39.28040651734769], [-76.60535366339981, 39.28060803323732], [-76.60569025560993, 39.28091905404877], [-76.60662182717674, 39.281529564023884], [-76.60670058263194, 39.28152438772903], [-76.60673619548037, 39.281417237181344], [-76.60687762523949, 39.2814177065627], [-76.60716997680863, 39.281551057070025], [-76.60713663921793, 39.28224306899839], [-76.60730450365394, 39.28238363539912], [-76.60746930961696, 39.28238418487355], [-76.60763097794622, 39.28226856300926], [-76.60764784232323, 39.281985623428554], [-76.60788567703548, 39.281953619444245], [-76.61121324520003, 39.281840743001815], [-76.61165204729747, 39.282099520327954], [-76.6120908484528, 39.28218251234559], [-76.61245787724562, 39.28281914221977], [-76.61267437540151, 39.283606381891126], [-76.61290162099179, 39.2838824184985], [-76.61310588245512, 39.28399898284751], [-76.61353487864253, 39.28406714820714], [-76.61350914993022, 39.284281527531896], [-76.61372345291373, 39.28434898881952], [-76.61377812622847, 39.284444451263035], [-76.61374356286444, 39.2845], [-76.60564873274639, 39.2845], [-76.60563644491982, 39.28439079806155], [-76.60545955969583, 39.28433581090984], [-76.60545112661177, 39.2845], [-76.60464736420516, 39.2845], [-76.60440044164012, 39.28438012887402], [-76.60447707925483, 39.28417445555266], [-76.60436255446675, 39.28392665850981], [-76.60425509006068, 39.284059303089386], [-76.60424952077064, 39.28439534669356], [-76.60399725241656, 39.28442735067843], [-76.60372035429168, 39.28435643977368], [-76.60324029172554, 39.28293296137979], [-76.60303963821023, 39.282870836571206], [-76.60280243119479, 39.28266390783842], [-76.60272147965576, 39.28227115040654], [-76.60088092769165, 39.282198199963155], [-76.60061893260387, 39.28226777723374], [-76.59903786582224, 39.28228715253113], [-76.59878230336916, 39.2821563910998], [-76.59875476971301, 39.281717589068606], [-76.59822387748983, 39.28163224453311], [-76.59884756670992, 39.281498893991625], [-76.60016546213907, 39.28148634343725], [-76.6002476690724, 39.28141033445825], [-76.60064834830197, 39.28008208378408], [-76.60061956015603, 39.27967748178749], [-76.60037756799679, 39.27935728371797], [-76.59968641930607, 39.279001002495974], [-76.59913983896341, 39.27914447278765], [-76.59823227041213, 39.27904336097186], [-76.59744965932462, 39.2791386669844], [-76.59685381757825, 39.27908720956146], [-76.5967116036477, 39.279127293698394], [-76.5964787105484, 39.279384424470834], [-76.59629649070132, 39.2792362491636], [-76.59600970845362, 39.279276489768115], [-76.59538084296541, 39.27980416609201], [-76.59537197864209, 39.279929673010386], [-76.59464153189847, 39.28033293951849], [-76.59441977740532, 39.28034101968287], [-76.5942154377037, 39.28010883347554], [-76.59389492481017, 39.28024163452531], [-76.59403360998216, 39.280588580188265], [-76.59396277729901, 39.280731657444115], [-76.59330967318957, 39.28105907329836], [-76.59302877410069, 39.280973257504236], [-76.59311215734095, 39.28164730607495], [-76.59290758203481, 39.281742926853035], [-76.59231189675245, 39.28172041307875], [-76.59224067195585, 39.28143245553422], [-76.59222200259697, 39.28044620894523], [-76.5918768599291, 39.2804183624075], [-76.59189286199879, 39.28172347342098], [-76.59182061742645, 39.281804189304545], [-76.59125803508668, 39.2818237992577], [-76.59107801129672, 39.28164158037805], [-76.59106067656155, 39.28127259030073], [-76.59096364388002, 39.281032167471054], [-76.59058343781206, 39.28059101293167], [-76.5909265408603, 39.28025159606397], [-76.59078636558861, 39.280178802019456], [-76.59043588924824, 39.280372003076586], [-76.58999999999999, 39.280106730408704], [-76.58999999999999, 39.27839535225774]]]}, "properties": {}}, {"type": "Feature", "geometry": {"type": "Polygon", "coordinates": [[[-76.59556141528545, 39.27967803145597], [-76.59600970845362, 39.279276489768115], [-76.59629649070132, 39.2792362491636], [-76.5964787105484, 39.279384424470834], [-76.59672705615591, 39.27911552736601], [-76.59698638393816, 39.27909544617492], [-76.59675592251453, 39.27921828579317], [-76.59656538877967, 39.27958162647418], [-76.59612282135252, 39.279463965035745], [-76.5960058649001, 39.27953511064847], [-76.59600515896503, 39.27965904921897], [-76.59556141528545, 39.27967803145597]]]}, "properties": {}}, {"type": "Feature", "geometry": {"type": "Polygon", "coordinates": [[[-76.58999999999999, 39.28051945693596], [-76.59001607032828, 39.28049688229871], [-76.59002140401452, 39.28049892189529], [-76.58999999999999, 39.28051945693596]]]}, "properties": {}}, {"type": "Feature", "geometry": {"type": "Polygon", "coordinates": [[[-76.58999999999999, 39.281281798740075], [-76.5900959238597, 39.281248510055335], [-76.59012361395685, 39.28134005163113], [-76.59048428737535, 39.281537801242266], [-76.59063724878364, 39.281691389398524], [-76.59063348345379, 39.28183015276468], [-76.59032128633494, 39.28184544882131], [-76.5903790190318, 39.28172253097855], [-76.590123848678, 39.281792579498145], [-76.58999999999999, 39.281501705014435], [-76.58999999999999, 39.281281798740075]]]}, "properties": {}}, {"type": "Feature", "geometry": {"type": "Polygon", "coordinates": [[[-76.60262366289463, 39.28356096537919], [-76.6026271925803, 39.283106161359235], [-76.60288808964174, 39.28309172770926], [-76.60299390654052, 39.28300552074532], [-76.60315447685485, 39.283130478176744], [-76.60327582545148, 39.28347373766507], [-76.60323064325634, 39.28351240991309], [-76.60308184020234, 39.28332218910735], [-76.60292040749214, 39.28334532875858], [-76.60306944616481, 39.283438675233484], [-76.60273685400668, 39.28345632381218], [-76.60263856684053, 39.28333458316714], [-76.60262366289463, 39.28356096537919]]]}, "properties": {}}]}