{"type": "FeatureCollection", "features": [{"type": "Feature", "geometry": {"type": "Point", "coordinates": [-76.63316958254575, 39.29458605271462]}, "properties": {}}, {"type": "Feature", "geometry": {"type": "Point", "coordinates": [-76.63909205941631, 39.30097143065176]}, "properties": {}}, {"type": "Feature", "geometry": {"type": "Point", "coordinates": [-76.63592577174501, 39.30595386654674]}, "properties": {}}, {"type": "Feature", "geometry": {"type": "Point", "coordinates": [-76.64701449265573, 39.28578716615943]}, "properties": {}}, {"type": "Feature", "geometry": {"type": "Point", "coordinates": [-76.64269616536306, 39.28473910727213]}, "properties": {}}, {"type": "Feature", "geometry": {"type": "Point", "coordinates": [-76.64784081936347, 39.29616771160749]}, "properties": {}}, {"type": "Feature", "geometry": {"type": "Point", "coordinates": [-76.64765406406471, 39.29678027725511]}, "properties": {}}, {"type": "Feature", "geometry": {"type": "Point", "coordinates": [-76.64532731635042, 39.29678505825332]}, "properties": {}}, {"type": "Feature", "geometry": {"type": "Point", "coordinates": [-76.64660994429832, 39.30738257557029]}, "properties": {}}, {"type": "Feature", "geometry": {"type": "Point", "coordinates": [-76.63944464075975, 39.31048042937634]}, "properties": {}}, {"type": "Feature", "geometry": {"type": "Point", "coordinates": [-76.64940742812188, 39.3115003544008]}, "properties": {}}, {"type": "Feature", "geometry": {"type": "Point", "coordinates": [-76.65099292985072, 39.28658220567552]}, "properties": {}}, {"type": "Feature", "geometry": {"type": "Point", "coordinates": [-76.63897116383953, 39.28826549577719]}, "properties": {}}, {"type": "Feature", "geometry": {"type": "Point", "coordinates": [-76.64234631559687, 39.291853980994006]}, "properties": {}}, {"type": "Feature", "geometry": {"type": "Point", "coordinates": [-76.641712078557, 39.29860674049294]}, "properties": {}}, {"type": "Feature", "geometry": {"type": "Point", "coordinates": [-76.63943069073875, 39.29806436037588]}, "properties": {}}, {"type": "Feature", "geometry": {"type": "Point", "coordinates": [-76.63094125662538, 39.301472025261525]}, "properties": {}}, {"type": "Feature", "geometry": {"type": "Point", "coordinates": [-76.64873631119727, 39.28687926171936]}, "properties": {}}, {"type": "Feature", "geometry": {"type": "Point", "coordinates": [-76.64437096198697, 39.294322266977595]}, "properties": {}}, {"type": "Feature", "geometry": {"type": "Point", "coordinates": [-76.64695387210051, 39.298965796518395]}, "properties": {}}, {"type": "Feature", "geometry": {"type": "Point", "coordinates": [-76.6469113525118, 39.30004883908058]}, "properties": {}}, {"type": "Feature", "geometry": {"type": "Point", "coordinates": [-76.64555788496536, 39.313266406353044]}, "properties": {}}, {"type": "Feature", "geometry": {"type": "Point", "coordinates": [-76.63542375246585, 39.287093693754606]}, "properties": {}}, {"type": "Feature", "geometry": {"type": "Point", "coordinates": [-76.63600825494754, 39.29697664572273]}, "properties": {}}, {"type": "Feature", "geometry": {"type": "Point", "coordinates": [-76.63450224664615, 39.30172522927795]}, "properties": {}}, {"type": "Feature", "geometry": {"type": "Point", "coordinates": [-76.63915891713793, 39.30237711181961]}, "properties": {}}, {"type": "Feature", "geometry": {"type": "Point", "coordinates": [-76.64887441908074, 39.296782213892016]}, "properties": {}}, {"type": "Feature", "geometry": {"type": "Point", "coordinates": [-76.64827136377104, 39.30000252995816]}, "properties": {}}, {"type": "Feature", "geometry": {"type": "Point", "coordinates": [-76.64664700718163, 39.308103528129415]}, "properties": {}}, {"type": "Feature", "geometry": {"type": "Point", "coordinates": [-76.6382729260119, 39.30785819404589]}, "properties": {}}, {"type": "Feature", "geometry": {"type": "Point", "coordinates": [-76.63648015962089, 39.306395695423646]}, "properties": {}}, {"type": "Feature", "geometry": {"type": "Point", "coordinates": [-76.64515851457013, 39.31355365545217]}, "properties": {}}, {"type": "Feature", "geometry": {"type": "Point", "coordinates": [-76.65048417275825, 39.28636706707768]}, "properties": {}}, {"type": "Feature", "geometry": {"type": "Point", "coordinates": [-76.65088308030941, 39.311187852821256]}, "properties": {}}, {"type": "Feature", "geometry": {"type": "Point", "coordinates": [-76.638228873196, 39.28472733294346]}, "properties": {}}, {"type": "Feature", "geometry": {"type": "Point", "coordinates": [-76.63698442590213, 39.2858431130585]}, "properties": {}}, {"type": "Feature", "geometry": {"type": "Point", "coordinates": [-76.64881922723067, 39.2958041410215]}, "properties": {}}, {"type": "Feature", "geometry": {"type": "Point", "coordinates": [-76.64590423433657, 39.30626333367556]}, "properties": {}}, {"type": "Feature", "geometry": {"type": "Point", "coordinates": [-76.64762704755782, 39.31054241883242]}, "properties": {}}, {"type": "Feature", "geometry": {"type": "Point", "coordinates": [-76.64979806480262, 39.2920987503025]}, "properties": {}}, {"type": "Feature", "geometry": {"type": "Point", "coordinates": [-76.6441267801051, 39.31316980186407]}, "properties": {}}, {"type": "Feature", "geometry": {"type": "Point", "coordinates": [-76.65060934706871, 39.28975490786571]}, "properties": {}}, {"type": "Feature", "geometry": {"type": "Point", "coordinates": [-76.63306212063635, 39.29516583060331]}, "properties": {}}, {"type": "Feature", "geometry": {"type": "Point", "coordinates": [-76.63535240990778, 39.29659185401835]}, "properties": {}}, {"type": "Feature", "geometry": {"type": "Point", "coordinates": [-76.6338650461137, 39.30385451872435]}, "properties": {}}, {"type": "Feature", "geometry": {"type": "Point", "coordinates": [-76.63983867211334, 39.284904237566984]}, "properties": {}}, {"type": "Feature", "geometry": {"type": "Point", "coordinates": [-76.64477799726646, 39.28807385715265]}, "properties": {}}, {"type": "Feature", "geometry": {"type": "Point", "coordinates": [-76.64584244802224, 39.29505319560346]}, "properties": {}}, {"type": "Feature", "geometry": {"type": "Point", "coordinates": [-76.64862251470434, 39.307469232950226]}, "properties": {}}, {"type": "Feature", "geometry": {"type": "Point", "coordinates": [-76.64060082266934, 39.30683445597069]}, "properties": {}}, {"type": "Feature", "geometry": {"type": "Point", "coordinates": [-76.64974927872434, 39.29611569062739]}, "properties": {}}, {"type": "Feature", "geometry": {"type": "Point", "coordinates": [-76.64949445758494, 39.30743646445025]}, "properties": {}}, {"type": "Feature", "geometry": {"type": "Point", "coordinates": [-76.65064193503794, 39.29388064442912]}, "properties": {}}, {"type": "Feature", "geometry": {"type": "Point", "coordinates": [-76.63352424091968, 39.29480009788573]}, "properties": {}}, {"type": "Feature", "geometry": {"type": "Point", "coordinates": [-76.64070273724141, 39.288190879286624]}, "properties": {}}, {"type": "Feature", "geometry": {"type": "Point", "coordinates": [-76.63327398419933, 39.30384979845897]}, "properties": {}}, {"type": "Feature", "geometry": {"type": "Point", "coordinates": [-76.64627089941527, 39.28906561490974]}, "properties": {}}, {"type": "Feature", "geometry": {"type": "Point", "coordinates": [-76.64424834800234, 39.29224461145488]}, "properties": {}}, {"type": "Feature", "geometry": {"type": "Point", "coordinates": [-76.64876062889681, 39.294264635232274]}, "properties": {}}, {"type": "Feature", "geometry": {"type": "Point", "coordinates": [-76.63948764834622, 39.31131033548825]}, "properties": {}}, {"type": "Feature", "geometry": {"type": "Point", "coordinates": [-76.65005281136135, 39.29486918583426]}, "properties": {}}, {"type": "Feature", "geometry": {"type": "Point", "coordinates": [-76.65013094910384, 39.29671462697707]}, "properties": {}}, {"type": "Feature", "geometry": {"type": "Point", "coordinates": [-76.64981743136201, 39.29672469027699]}, "properties": {}}, {"type": "Feature", "geometry": {"type": "Point", "coordinates": [-76.64949916378626, 39.307514119887855]}, "properties": {}}, {"type": "Feature", "geometry": {"type": "Point", "coordinates": [-76.64639752079496, 39.3045272874904]}, "properties": {}}, {"type": "Feature", "geometry": {"type": "Point", "coordinates": [-76.64845720224716, 39.31041674783382]}, "properties": {}}, {"type": "Feature", "geometry": {"type": "Point", "coordinates": [-76.64800223961842, 39.31147696048354]}, "properties": {}}, {"type": "Feature", "geometry": {"type": "Point", "coordinates": [-76.63734641616972, 39.306782228790965]}, "properties": {}}, {"type": "Feature", "geometry": {"type": "Point", "coordinates": [-76.63776696068832, 39.3097207336022]}, "properties": {}}, {"type": "Feature", "geometry": {"type": "Point", "coordinates": [-76.63940224151703, 39.31249529179778]}, "properties": {}}, {"type": "Feature", "geometry": {"type": "Point", "coordinates": [-76.63632983958381, 39.295760129839636]}, "properties": {}}, {"type": "Feature", "geometry": {"type": "Point", "coordinates": [-76.6363039744834, 39.29291446823547]}, "properties": {}}, {"type": "Feature", "geometry": {"type": "Point", "coordinates": [-76.63759858504758, 39.2873777798612]}, "properties": {}}, {"type": "Feature", "geometry": {"type": "Point", "coordinates": [-76.64061564490697, 39.292924979778014]}, "properties": {}}, {"type": "Feature", "geometry": {"type": "Point", "coordinates": [-76.62864684319068, 39.289306747519554]}, "properties": {}}, {"type": "Feature", "geometry": {"type": "Point", "coordinates": [-76.64314714710919, 39.2973511534725]}, "properties": {}}, {"type": "Feature", "geometry": {"type": "Point", "coordinates": [-76.64080134973956, 39.312067738505284]}, "properties": {}}, {"type": "Feature", "geometry": {"type": "Point", "coordinates": [-76.65086703540025, 39.28658787117002]}, "properties": {}}, {"type": "Feature", "geometry": {"type": "Point", "coordinates": [-76.63956593843426, 39.29984693078744]}, "properties": {}}, {"type": "Feature", "geometry": {"type": "Point", "coordinates": [-76.63498101291552, 39.29822695175624]}, "properties": {}}, {"type": "Feature", "geometry": {"type": "Point", "coordinates": [-76.64743068765588, 39.30713277308014]}, "properties": {}}, {"type": "Feature", "geometry": {"type": "Point", "coordinates": [-76.64502648945579, 39.31020585750438]}, "properties": {}}, {"type": "Feature", "geometry": {"type": "Point", "coordinates": [-76.64537361458252, 39.30969878778073]}, "properties": {}}, {"type": "Feature", "geometry": {"type": "Point", "coordinates": [-76.64602472391883, 39.30849893549285]}, "properties": {}}, {"type": "Feature", "geometry": {"type": "Point", "coordinates": [-76.64794145503102, 39.285931254653676]}, "properties": {}}, {"type": "Feature", "geometry": {"type": "Point", "coordinates": [-76.63861717264513, 39.285908134392734]}, "properties": {}}, {"type": "Feature", "geometry": {"type": "Point", "coordinates": [-76.64895175030566, 39.28786160753701]}, "properties": {}}, {"type": "Feature", "geometry": {"type": "Point", "coordinates": [-76.64678277321613, 39.28991745543907]}, "properties": {}}, {"type": "Feature", "geometry": {"type": "Point", "coordinates": [-76.64701853247183, 39.29425712790304]}, "properties": {}}, {"type": "Feature", "geometry": {"type": "Point", "coordinates": [-76.64880621124819, 39.29555661453546]}, "properties": {}}, {"type": "Feature", "geometry": {"type": "Point", "coordinates": [-76.64936369593212, 39.31150196417589]}, "properties": {}}, {"type": "Feature", "geometry": {"type": "Point", "coordinates": [-76.64392695150163, 39.31331406101364]}, "properties": {}}, {"type": "Feature", "geometry": {"type": "Point", "coordinates": [-76.6482611028374, 39.30717453643586]}, "properties": {}}, {"type": "Feature", "geometry": {"type": "Point", "coordinates": [-76.64504962582475, 39.30609227539286]}, "properties": {}}, {"type": "Feature", "geometry": {"type": "Point", "coordinates": [-76.646374888102, 39.31281861834281]}, "properties": {}}, {"type": "Feature", "geometry": {"type": "Point", "coordinates": [-76.63661947876024, 39.307777792173844]}, "properties": {}}, {"type": "Feature", "geometry": {"type": "Point", "coordinates": [-76.63748857584463, 39.307812588461246]}, "properties": {}}, {"type": "Feature", "geometry": {"type": "Point", "coordinates": [-76.64994363940934, 39.28953785457944]}, "properties": {}}, {"type": "Feature", "geometry": {"type": "Point", "coordinates": [-76.63479827753532, 39.29535717469175]}, "properties": {}}, {"type": "Feature", "geometry": {"type": "Point", "coordinates": [-76.62576124214374, 39.29323859391737]}, "properties": {}}, {"type": "Feature", "geometry": {"type": "Point", "coordinates": [-76.64076822999036, 39.299854514965354]}, "properties": {}}, {"type": "Feature", "geometry": {"type": "Point", "coordinates": [-76.63225591744775, 39.30580930966176]}, "properties": {}}, {"type": "Feature", "geometry": {"type": "Point", "coordinates": [-76.64730893737753, 39.2869672623554]}, "properties": {}}, {"type": "Feature", "geometry": {"type": "Point", "coordinates": [-76.64303506578766, 39.2847952164194]}, "properties": {}}, {"type": "Feature", "geometry": {"type": "Point", "coordinates": [-76.64091596469358, 39.30894165233243]}, "properties": {}}, {"type": "Feature", "geometry": {"type": "Point", "coordinates": [-76.63927115523431, 39.31048814785525]}, "properties": {}}, {"type": "Feature", "geometry": {"type": "Point", "coordinates": [-76.64925757163701, 39.29438314991511]}, "properties": {}}, {"type": "Feature", "geometry": {"type": "Point", "coordinates": [-76.64609222451429, 39.29152754347317]}, "properties": {}}, {"type": "Feature", "geometry": {"type": "Point", "coordinates": [-76.64437635831787, 39.294418670707486]}, "properties": {}}, {"type": "Feature", "geometry": {"type": "Point", "coordinates": [-76.64804779281596, 39.296843556470975]}, "properties": {}}, {"type": "Feature", "geometry": {"type": "Point", "coordinates": [-76.64531952773812, 39.29666137429184]}, "properties": {}}, {"type": "Feature", "geometry": {"type": "Point", "coordinates": [-76.64647281955226, 39.300749213035054]}, "properties": {}}, {"type": "Feature", "geometry": {"type": "Point", "coordinates": [-76.6479279251206, 39.310342560758365]}, "properties": {}}, {"type": "Feature", "geometry": {"type": "Point", "coordinates": [-76.64295158295835, 39.287887722374336]}, "properties": {}}, {"type": "Feature", "geometry": {"type": "Point", "coordinates": [-76.64129089334737, 39.29984228070512]}, "properties": {}}, {"type": "Feature", "geometry": {"type": "Point", "coordinates": [-76.64578557502374, 39.28567436959664]}, "properties": {}}, {"type": "Feature", "geometry": {"type": "Point", "coordinates": [-76.64304859895925, 39.28502770598134]}, "properties": {}}, {"type": "Feature", "geometry": {"type": "Point", "coordinates": [-76.646540200858, 39.294348050784585]}, "properties": {}}, {"type": "Feature", "geometry": {"type": "Point", "coordinates": [-76.64760561492399, 39.29555745668035]}, "properties": {}}, {"type": "Feature", "geometry": {"type": "Point", "coordinates": [-76.64290843144208, 39.3092295996307]}, "properties": {}}, {"type": "Feature", "geometry": {"type": "Point", "coordinates": [-76.64945134679358, 39.30667905377029]}, "properties": {}}, {"type": "Feature", "geometry": {"type": "Point", "coordinates": [-76.6506462739269, 39.29067251071059]}, "properties": {}}, {"type": "Feature", "geometry": {"type": "Point", "coordinates": [-76.65087825258465, 39.31097365831841]}, "properties": {}}, {"type": "Feature", "geometry": {"type": "Point", "coordinates": [-76.64495729440249, 39.30404636219911]}, "properties": {}}, {"type": "Feature", "geometry": {"type": "Point", "coordinates": [-76.6478126674609, 39.308068480690984]}, "properties": {}}, {"type": "Feature", "geometry": {"type": "Point", "coordinates": [-76.63771491725112, 39.30636014496545]}, "properties": {}}, {"type": "Feature", "geometry": {"type": "Point", "coordinates": [-76.63857063298956, 39.30711380691277]}, "properties": {}}, {"type": "Feature", "geometry": {"type": "Point", "coordinates": [-76.6389651499196, 39.30737679160533]}, "properties": {}}, {"type": "Feature", "geometry": {"type": "Point", "coordinates": [-76.63388461496123, 39.3060082912484]}, "properties": {}}, {"type": "Feature", "geometry": {"type": "Point", "coordinates": [-76.63724735984042, 39.28728196828534]}, "properties": {}}, {"type": "Feature", "geometry": {"type": "Point", "coordinates": [-76.63764021762037, 39.29881093988976]}, "properties": {}}, {"type": "Feature", "geometry": {"type": "Point", "coordinates": [-76.63038578872731, 39.30150281904102]}, "properties": {}}, {"type": "Feature", "geometry": {"type": "Point", "coordinates": [-76.64891358661933, 39.28754012682725]}, "properties": {}}, {"type": "Feature", "geometry": {"type": "Point", "coordinates": [-76.64606467860641, 39.29082197550754]}, "properties": {}}, {"type": "Feature", "geometry": {"type": "Point", "coordinates": [-76.64716228633013, 39.29777420809195]}, "properties": {}}, {"type": "Feature", "geometry": {"type": "Point", "coordinates": [-76.64733851017569, 39.30959251491104]}, "properties": {}}, {"type": "Feature", "geometry": {"type": "Point", "coordinates": [-76.64879861722699, 39.31104907060613]}, "properties": {}}, {"type": "Feature", "geometry": {"type": "Point", "coordinates": [-76.6415503247751, 39.310508816329666]}, "properties": {}}, {"type": "Feature", "geometry": {"type": "Point", "coordinates": [-76.64078234647123, 39.31147481904062]}, "properties": {}}, {"type": "Feature", "geometry": {"type": "Point", "coordinates": [-76.63990296846718, 39.312369767889535]}, "properties": {}}, {"type": "Feature", "geometry": {"type": "Point", "coordinates": [-76.63910215229593, 39.31091715149821]}, "properties": {}}, {"type": "Feature", "geometry": {"type": "Point", "coordinates": [-76.63433500679287, 39.29470286697574]}, "properties": {}}, {"type": "Feature", "geometry": {"type": "Point", "coordinates": [-76.63489903269962, 39.296027256258704]}, "properties": {}}, {"type": "Feature", "geometry": {"type": "Point", "coordinates": [-76.63769522795398, 39.29302006087592]}, "properties": {}}, {"type": "Feature", "geometry": {"type": "Point", "coordinates": [-76.62859876865362, 39.302344380487845]}, "properties": {}}, {"type": "Feature", "geometry": {"type": "Point", "coordinates": [-76.6475655026934, 39.28594844968196]}, "properties": {}}, {"type": "Feature", "geometry": {"type": "Point", "coordinates": [-76.64624968913834, 39.30106698482539]}, "properties": {}}, {"type": "Feature", "geometry": {"type": "Point", "coordinates": [-76.64521762071281, 39.30336999222014]}, "properties": {}}, {"type": "Feature", "geometry": {"type": "Point", "coordinates": [-76.64744118214753, 39.30731462541405]}, "properties": {}}, {"type": "Feature", "geometry": {"type": "Point", "coordinates": [-76.65027693107552, 39.289176679989524]}, "properties": {}}, {"type": "Feature", "geometry": {"type": "Point", "coordinates": [-76.64904154153389, 39.290090658354146]}, "properties": {}}, {"type": "Feature", "geometry": {"type": "Point", "coordinates": [-76.6501202854552, 39.30921805157802]}, "properties": {}}, {"type": "Feature", "geometry": {"type": "Point", "coordinates": [-76.65084323634785, 39.3094323203566]}, "properties": {}}, {"type": "Feature", "geometry": {"type": "Point", "coordinates": [-76.63276477744448, 39.29518149891798]}, "properties": {}}, {"type": "Feature", "geometry": {"type": "Point", "coordinates": [-76.63899057998674, 39.292475350546376]}, "properties": {}}, {"type": "Feature", "geometry": {"type": "Point", "coordinates": [-76.63789314159688, 39.29806073513426]}, "properties": {}}, {"type": "Feature", "geometry": {"type": "Point", "coordinates": [-76.63375416035865, 39.30393764077338]}, "properties": {}}, {"type": "Feature", "geometry": {"type": "Point", "coordinates": [-76.64114086184416, 39.30529409803129]}, "properties": {}}, {"type": "Feature", "geometry": {"type": "Point", "coordinates": [-76.64776436121248, 39.286924049310564]}, "properties": {}}, {"type": "Feature", "geometry": {"type": "Point", "coordinates": [-76.65037975116857, 39.28864470497262]}, "properties": {}}, {"type": "Feature", "geometry": {"type": "Point", "coordinates": [-76.64943925598912, 39.306390108847914]}, "properties": {}}, {"type": "Feature", "geometry": {"type": "Point", "coordinates": [-76.64322805332925, 39.28454687574952]}, "properties": {}}, {"type": "Feature", "geometry": {"type": "Point", "coordinates": [-76.6505435792341, 39.29221583044655]}, "properties": {}}, {"type": "Feature", "geometry": {"type": "Point", "coordinates": [-76.65067682519907, 39.29484041353407]}, "properties": {}}, {"type": "Feature", "geometry": {"type": "Point", "coordinates": [-76.64713479460649, 39.29737554151025]}, "properties": {}}, {"type": "Feature", "geometry": {"type": "Point", "coordinates": [-76.64786700011203, 39.30032059268288]}, "properties": {}}, {"type": "Feature", "geometry": {"type": "Point", "coordinates": [-76.64664330901799, 39.30005873244414]}, "properties": {}}, {"type": "Feature", "geometry": {"type": "Point", "coordinates": [-76.64598456771387, 39.31016626638607]}, "properties": {}}, {"type": "Feature", "geometry": {"type": "Point", "coordinates": [-76.63714306499466, 39.307523104054674]}, "properties": {}}, {"type": "Feature", "geometry": {"type": "Point", "coordinates": [-76.63468164461162, 39.30784805230806]}, "properties": {}}, {"type": "Feature", "geometry": {"type": "Point", "coordinates": [-76.63738256469736, 39.29477174659725]}, "properties": {}}, {"type": "Feature", "geometry": {"type": "Point", "coordinates": [-76.63835852971839, 39.28800871349805]}, "properties": {}}, {"type": "Feature", "geometry": {"type": "Point", "coordinates": [-76.63688644665704, 39.29696740650654]}, "properties": {}}, {"type": "Feature", "geometry": {"type": "Point", "coordinates": [-76.63359547210177, 39.30011613825921]}, "properties": {}}, {"type": "Feature", "geometry": {"type": "Point", "coordinates": [-76.63015795952289, 39.28653850377992]}, "properties": {}}, {"type": "Feature", "geometry": {"type": "Point", "coordinates": [-76.64561758562562, 39.2907697384036]}, "properties": {}}, {"type": "Feature", "geometry": {"type": "Point", "coordinates": [-76.64809752811443, 39.294900599904985]}, "properties": {}}, {"type": "Feature", "geometry": {"type": "Point", "coordinates": [-76.64787098500867, 39.30068015851974]}, "properties": {}}, {"type": "Feature", "geometry": {"type": "Point", "coordinates": [-76.64946356672469, 39.30688277959268]}, "properties": {}}, {"type": "Feature", "geometry": {"type": "Point", "coordinates": [-76.63283193962958, 39.29483575015507]}, "properties": {}}, {"type": "Feature", "geometry": {"type": "Point", "coordinates": [-76.63753813214687, 39.29302438455025]}, "properties": {}}, {"type": "Feature", "geometry": {"type": "Point", "coordinates": [-76.64635811370027, 39.286706964859455]}, "properties": {}}, {"type": "Feature", "geometry": {"type": "Point", "coordinates": [-76.644555289016, 39.285464380207046]}, "properties": {}}, {"type": "Feature", "geometry": {"type": "Point", "coordinates": [-76.64830019051408, 39.29399796839711]}, "properties": {}}, {"type": "Feature", "geometry": {"type": "Point", "coordinates": [-76.64637915706301, 39.29539823329101]}, "properties": {}}, {"type": "Feature", "geometry": {"type": "Point", "coordinates": [-76.64712015797151, 39.30183851005263]}, "properties": {}}, {"type": "Feature", "geometry": {"type": "Point", "coordinates": [-76.64665273440262, 39.30818275495749]}, "properties": {}}, {"type": "Feature", "geometry": {"type": "Point", "coordinates": [-76.65020825988887, 39.28718757289824]}, "properties": {}}, {"type": "Feature", "geometry": {"type": "Point", "coordinates": [-76.64924995675224, 39.29423495614585]}, "properties": {}}, {"type": "Feature", "geometry": {"type": "Point", "coordinates": [-76.63511915512535, 39.302021092240004]}, "properties": {}}, {"type": "Feature", "geometry": {"type": "Point", "coordinates": [-76.64245487862316, 39.30561362107758]}, "properties": {}}, {"type": "Feature", "geometry": {"type": "Point", "coordinates": [-76.64276841905243, 39.28590773028634]}, "properties": {}}, {"type": "Feature", "geometry": {"type": "Point", "coordinates": [-76.64023430887745, 39.285665798942745]}, "properties": {}}, {"type": "Feature", "geometry": {"type": "Point", "coordinates": [-76.6479633936242, 39.29429291895888]}, "properties": {}}, {"type": "Feature", "geometry": {"type": "Point", "coordinates": [-76.64536093405945, 39.297261343169595]}, "properties": {}}, {"type": "Feature", "geometry": {"type": "Point", "coordinates": [-76.63361590358673, 39.31135786894912]}, "properties": {}}, {"type": "Feature", "geometry": {"type": "Point", "coordinates": [-76.65024312130035, 39.311400624504344]}, "properties": {}}, {"type": "Feature", "geometry": {"type": "Point", "coordinates": [-76.65054826680098, 39.30944206793354]}, "properties": {}}, {"type": "Feature", "geometry": {"type": "Point", "coordinates": [-76.64735234691766, 39.30052328206723]}, "properties": {}}, {"type": "Feature", "geometry": {"type": "Point", "coordinates": [-76.64819224928317, 39.30577982466115]}, "properties": {}}, {"type": "Feature", "geometry": {"type": "Point", "coordinates": [-76.63362919470451, 39.307028934162865]}, "properties": {}}, {"type": "Feature", "geometry": {"type": "Point", "coordinates": [-76.643116815638, 39.30952680948625]}, "properties": {}}, {"type": "Feature", "geometry": {"type": "Point", "coordinates": [-76.63979598441553, 39.312255825317706]}, "properties": {}}, {"type": "Feature", "geometry": {"type": "Point", "coordinates": [-76.63762558436423, 39.31071482899398]}, "properties": {}}, {"type": "Feature", "geometry": {"type": "Point", "coordinates": [-76.63777878216636, 39.30457200250704]}, "properties": {}}, {"type": "Feature", "geometry": {"type": "Point", "coordinates": [-76.62800654213646, 39.30125133782201]}, "properties": {}}, {"type": "Feature", "geometry": {"type": "Point", "coordinates": [-76.64822878629045, 39.30041907515836]}, "properties": {}}, {"type": "Feature", "geometry": {"type": "Point", "coordinates": [-76.64874645207875, 39.30932093553108]}, "properties": {}}, {"type": "Feature", "geometry": {"type": "Point", "coordinates": [-76.64775074242768, 39.311100721643555]}, "properties": {}}, {"type": "Feature", "geometry": {"type": "Point", "coordinates": [-76.63424826235065, 39.30956433371552]}, "properties": {}}, {"type": "Feature", "geometry": {"type": "Point", "coordinates": [-76.65023334032196, 39.28681271449638]}, "properties": {}}, {"type": "Feature", "geometry": {"type": "Point", "coordinates": [-76.64939460836074, 39.30561805785728]}, "properties": {}}, {"type": "Feature", "geometry": {"type": "Point", "coordinates": [-76.63959142508727, 39.29880996778913]}, "properties": {}}, {"type": "Feature", "geometry": {"type": "Point", "coordinates": [-76.63872085508704, 39.30410062452078]}, "properties": {}}, {"type": "Feature", "geometry": {"type": "Point", "coordinates": [-76.64617755999232, 39.286397402885534]}, "properties": {}}, {"type": "Feature", "geometry": {"type": "Point", "coordinates": [-76.64683265418961, 39.29403863633645]}, "properties": {}}, {"type": "Feature", "geometry": {"type": "Point", "coordinates": [-76.64819999966188, 39.30108762733586]}, "properties": {}}, {"type": "Feature", "geometry": {"type": "Point", "coordinates": [-76.64794976119106, 39.30154667313679]}, "properties": {}}, {"type": "Feature", "geometry": {"type": "Point", "coordinates": [-76.64561300779141, 39.302055556267874]}, "properties": {}}, {"type": "Feature", "geometry": {"type": "Point", "coordinates": [-76.64785881447582, 39.30915864643868]}, "properties": {}}, {"type": "Feature", "geometry": {"type": "Point", "coordinates": [-76.6460897970073, 39.31066850297402]}, "properties": {}}, {"type": "Feature", "geometry": {"type": "Point", "coordinates": [-76.6430147933623, 39.30944879066602]}, "properties": {}}, {"type": "Feature", "geometry": {"type": "Point", "coordinates": [-76.63883502191182, 39.311342338564735]}, "properties": {}}, {"type": "Feature", "geometry": {"type": "Point", "coordinates": [-76.63307433185406, 39.303396267048996]}, "properties": {}}, {"type": "Feature", "geometry": {"type": "Point", "coordinates": [-76.62916289128059, 39.303989782672275]}, "properties": {}}, {"type": "Feature", "geometry": {"type": "Point", "coordinates": [-76.64443245165667, 39.28473133810376]}, "properties": {}}, {"type": "Feature", "geometry": {"type": "Point", "coordinates": [-76.64566609632041, 39.291742745494645]}, "properties": {}}, {"type": "Feature", "geometry": {"type": "Point", "coordinates": [-76.64890184820877, 39.31022822089082]}, "properties": {}}, {"type": "Feature", "geometry": {"type": "Point", "coordinates": [-76.64690806156368, 39.31268864408613]}, "properties": {}}, {"type": "Feature", "geometry": {"type": "Point", "coordinates": [-76.63736410887513, 39.309369317577506]}, "properties": {}}, {"type": "Feature", "geometry": {"type": "Point", "coordinates": [-76.63844316293338, 39.31149761516244]}, "properties": {}}, {"type": "Feature", "geometry": {"type": "Point", "coordinates": [-76.64963978293581, 39.29593701962917]}, "properties": {}}, {"type": "Feature", "geometry": {"type": "Point", "coordinates": [-76.63872265810325, 39.284690802700695]}, "properties": {}}, {"type": "Feature", "geometry": {"type": "Point", "coordinates": [-76.63359549476789, 39.2945687775349]}, "properties": {}}, {"type": "Feature", "geometry": {"type": "Point", "coordinates": [-76.63755599491404, 39.297202177380555]}, "properties": {}}, {"type": "Feature", "geometry": {"type": "Point", "coordinates": [-76.63423659603536, 39.29999639857944]}, "properties": {}}, {"type": "Feature", "geometry": {"type": "Point", "coordinates": [-76.6385928966695, 39.30153606394176]}, "properties": {}}, {"type": "Feature", "geometry": {"type": "Point", "coordinates": [-76.64590907828178, 39.29111624837762]}, "properties": {}}, {"type": "Feature", "geometry": {"type": "Point", "coordinates": [-76.6473388132365, 39.300303320043355]}, "properties": {}}, {"type": "Feature", "geometry": {"type": "Point", "coordinates": [-76.64663434195369, 39.30780715276337]}, "properties": {}}, {"type": "Feature", "geometry": {"type": "Point", "coordinates": [-76.64766633453542, 39.30807424731379]}, "properties": {}}, {"type": "Feature", "geometry": {"type": "Point", "coordinates": [-76.6477910491641, 39.311756793365284]}, "properties": {}}, {"type": "Feature", "geometry": {"type": "Point", "coordinates": [-76.6337627581556, 39.306526891428746]}, "properties": {}}, {"type": "Feature", "geometry": {"type": "Point", "coordinates": [-76.65062927622614, 39.310602913293096]}, "properties": {}}, {"type": "Feature", "geometry": {"type": "Point", "coordinates": [-76.64574993283215, 39.285760257685844]}, "properties": {}}, {"type": "Feature", "geometry": {"type": "Point", "coordinates": [-76.6347158772159, 39.2859490450766]}, "properties": {}}, {"type": "Feature", "geometry": {"type": "Point", "coordinates": [-76.64700785416082, 39.308693721950725]}, "properties": {}}, {"type": "Feature", "geometry": {"type": "Point", "coordinates": [-76.64797462305874, 39.31216003852829]}, "properties": {}}, {"type": "Feature", "geometry": {"type": "Point", "coordinates": [-76.6494691273042, 39.30697475688355]}, "properties": {}}, {"type": "Feature", "geometry": {"type": "Point", "coordinates": [-76.63593551236391, 39.29538567505292]}, "properties": {}}, {"type": "Feature", "geometry": {"type": "Point", "coordinates": [-76.64316201207765, 39.295628974038586]}, "properties": {}}, {"type": "Feature", "geometry": {"type": "Point", "coordinates": [-76.6329576977921, 39.30587559081124]}, "properties": {}}, {"type": "Feature", "geometry": {"type": "Point", "coordinates": [-76.64848063309923, 39.29573271894388]}, "properties": {}}, {"type": "Feature", "geometry": {"type": "Point", "coordinates": [-76.64715406408737, 39.29682792200878]}, "properties": {}}, {"type": "Feature", "geometry": {"type": "Point", "coordinates": [-76.64639406615456, 39.30442047366938]}, "properties": {}}, {"type": "Feature", "geometry": {"type": "Point", "coordinates": [-76.64443389346364, 39.30974439874691]}, "properties": {}}, {"type": "Feature", "geometry": {"type": "Point", "coordinates": [-76.63943385186691, 39.311885645538446]}, "properties": {}}, {"type": "Feature", "geometry": {"type": "Point", "coordinates": [-76.65065395643644, 39.294111041754775]}, "properties": {}}, {"type": "Feature", "geometry": {"type": "Point", "coordinates": [-76.63614324760937, 39.294473049949296]}, "properties": {}}, {"type": "Feature", "geometry": {"type": "Point", "coordinates": [-76.63245403714619, 39.2928128422691]}, "properties": {}}, {"type": "Feature", "geometry": {"type": "Point", "coordinates": [-76.63968171691229, 39.30035402447525]}, "properties": {}}, {"type": "Feature", "geometry": {"type": "Point", "coordinates": [-76.63896576367628, 39.30031323108392]}, "properties": {}}, {"type": "Feature", "geometry": {"type": "Point", "coordinates": [-76.6398104146748, 39.29805169938325]}, "properties": {}}, {"type": "Feature", "geometry": {"type": "Point", "coordinates": [-76.64481513192665, 39.285499100504225]}, "properties": {}}, {"type": "Feature", "geometry": {"type": "Point", "coordinates": [-76.64422332321354, 39.308802830385254]}, "properties": {}}, {"type": "Feature", "geometry": {"type": "Point", "coordinates": [-76.64309573102902, 39.311220770121]}, "properties": {}}, {"type": "Feature", "geometry": {"type": "Point", "coordinates": [-76.6402226308692, 39.31202366607699]}, "properties": {}}, {"type": "Feature", "geometry": {"type": "Point", "coordinates": [-76.64907118032453, 39.290651607031215]}, "properties": {}}, {"type": "Feature", "geometry": {"type": "Point", "coordinates": [-76.64526392407936, 39.31315832619683]}, "properties": {}}, {"type": "Feature", "geometry": {"type": "Point", "coordinates": [-76.65066995999756, 39.29441768382155]}, "properties": {}}, {"type": "Feature", "geometry": {"type": "Point", "coordinates": [-76.64621408336787, 39.29276751887676]}, "properties": {}}, {"type": "Feature", "geometry": {"type": "Point", "coordinates": [-76.64866296756033, 39.292488072852464]}, "properties": {}}, {"type": "Feature", "geometry": {"type": "Point", "coordinates": [-76.64670536055831, 39.296844332017365]}, "properties": {}}, {"type": "Feature", "geometry": {"type": "Point", "coordinates": [-76.64711122756806, 39.301688652422285]}, "properties": {}}, {"type": "Feature", "geometry": {"type": "Point", "coordinates": [-76.64595449344165, 39.30691224001485]}, "properties": {}}, {"type": "Feature", "geometry": {"type": "Point", "coordinates": [-76.64849112338793, 39.30953389835023]}, "properties": {}}, {"type": "Feature", "geometry": {"type": "Point", "coordinates": [-76.63368063719764, 39.29828612151987]}, "properties": {}}, {"type": "Feature", "geometry": {"type": "Point", "coordinates": [-76.63487580380439, 39.29945257945912]}, "properties": {}}, {"type": "Feature", "geometry": {"type": "Point", "coordinates": [-76.6474813392245, 39.292724482536805]}, "properties": {}}, {"type": "Feature", "geometry": {"type": "Point", "coordinates": [-76.64456865716231, 39.29413114523079]}, "properties": {}}, {"type": "Feature", "geometry": {"type": "Point", "coordinates": [-76.64463182363328, 39.295024807868565]}, "properties": {}}, {"type": "Feature", "geometry": {"type": "Point", "coordinates": [-76.64866917106112, 39.307955344584336]}, "properties": {}}, {"type": "Feature", "geometry": {"type": "Point", "coordinates": [-76.63783653463545, 39.30743413209691]}, "properties": {}}, {"type": "Feature", "geometry": {"type": "Point", "coordinates": [-76.63286572143213, 39.30888697342277]}, "properties": {}}, {"type": "Feature", "geometry": {"type": "Point", "coordinates": [-76.649131952717, 39.29175022934205]}, "properties": {}}, {"type": "Feature", "geometry": {"type": "Point", "coordinates": [-76.64073610912163, 39.289452867921234]}, "properties": {}}, {"type": "Feature", "geometry": {"type": "Point", "coordinates": [-76.63809109226678, 39.29193462385521]}, "properties": {}}, {"type": "Feature", "geometry": {"type": "Point", "coordinates": [-76.64329483799631, 39.300606801361354]}, "properties": {}}, {"type": "Feature", "geometry": {"type": "Point", "coordinates": [-76.64142229737367, 39.30137594463472]}, "properties": {}}, {"type": "Feature", "geometry": {"type": "Point", "coordinates": [-76.64739824300739, 39.29189134611354]}, "properties": {}}, {"type": "Feature", "geometry": {"type": "Point", "coordinates": [-76.64687449457226, 39.305086165790435]}, "properties": {}}, {"type": "Feature", "geometry": {"type": "Point", "coordinates": [-76.64945789922069, 39.287244554828085]}, "properties": {}}, {"type": "Feature", "geometry": {"type": "Point", "coordinates": [-76.64976121743783, 39.29815791594788]}, "properties": {}}, {"type": "Feature", "geometry": {"type": "Point", "coordinates": [-76.63723800084374, 39.29262701003212]}, "properties": {}}, {"type": "Feature", "geometry": {"type": "Point", "coordinates": [-76.6372134261358, 39.30205705534189]}, "properties": {}}, {"type": "Feature", "geometry": {"type": "Point", "coordinates": [-76.63297128683091, 39.30525579023845]}, "properties": {}}, {"type": "Feature", "geometry": {"type": "Point", "coordinates": [-76.63871302974488, 39.3039678191987]}, "properties": {}}, {"type": "Feature", "geometry": {"type": "Point", "coordinates": [-76.64782598784417, 39.28550187383116]}, "properties": {}}, {"type": "Feature", "geometry": {"type": "Point", "coordinates": [-76.63991611091187, 39.284900947592284]}, "properties": {}}, {"type": "Feature", "geometry": {"type": "Point", "coordinates": [-76.64580655227445, 39.29242926681506]}, "properties": {}}, {"type": "Feature", "geometry": {"type": "Point", "coordinates": [-76.64503314705222, 39.30579039532999]}, "properties": {}}, {"type": "Feature", "geometry": {"type": "Point", "coordinates": [-76.64469450639405, 39.3091666545208]}, "properties": {}}, {"type": "Feature", "geometry": {"type": "Point", "coordinates": [-76.64285959394014, 39.30869800999047]}, "properties": {}}, {"type": "Feature", "geometry": {"type": "Point", "coordinates": [-76.64239226467129, 39.2845510810277]}, "properties": {}}, {"type": "Feature", "geometry": {"type": "Point", "coordinates": [-76.64963021279921, 39.284524966668215]}, "properties": {}}, {"type": "Feature", "geometry": {"type": "Point", "coordinates": [-76.64314757583375, 39.29723114240152]}, "properties": {}}, {"type": "Feature", "geometry": {"type": "Point", "coordinates": [-76.63523085714381, 39.299869896777935]}, "properties": {}}, {"type": "Feature", "geometry": {"type": "Point", "coordinates": [-76.63433808092357, 39.302690294821694]}, "properties": {}}, {"type": "Feature", "geometry": {"type": "Point", "coordinates": [-76.62953303859103, 39.30140751942895]}, "properties": {}}, {"type": "Feature", "geometry": {"type": "Point", "coordinates": [-76.63002889468659, 39.298072176324474]}, "properties": {}}, {"type": "Feature", "geometry": {"type": "Point", "coordinates": [-76.64838261369698, 39.29462573967997]}, "properties": {}}, {"type": "Feature", "geometry": {"type": "Point", "coordinates": [-76.64047643388591, 39.3117960658635]}, "properties": {}}, {"type": "Feature", "geometry": {"type": "Point", "coordinates": [-76.64501189829481, 39.3134311876978]}, "properties": {}}, {"type": "Feature", "geometry": {"type": "Point", "coordinates": [-76.64641369477344, 39.29662588932692]}, "properties": {}}, {"type": "Feature", "geometry": {"type": "Point", "coordinates": [-76.6478150377051, 39.29938990981179]}, "properties": {}}, {"type": "Feature", "geometry": {"type": "Point", "coordinates": [-76.64731470873681, 39.305453303352586]}, "properties": {}}, {"type": "Feature", "geometry": {"type": "Point", "coordinates": [-76.64753250187964, 39.30768595153368]}, "properties": {}}, {"type": "Feature", "geometry": {"type": "Point", "coordinates": [-76.64601259718054, 39.30825825262867]}, "properties": {}}, {"type": "Feature", "geometry": {"type": "Point", "coordinates": [-76.64883080076608, 39.30951624491928]}, "properties": {}}, {"type": "Feature", "geometry": {"type": "Point", "coordinates": [-76.63367181490551, 39.294792506248534]}, "properties": {}}, {"type": "Feature", "geometry": {"type": "Point", "coordinates": [-76.64312373754373, 39.29675647814639]}, "properties": {}}, {"type": "Feature", "geometry": {"type": "Point", "coordinates": [-76.63901499836147, 39.29856743667047]}, "properties": {}}, {"type": "Feature", "geometry": {"type": "Point", "coordinates": [-76.63928310240478, 39.30419814454549]}, "properties": {}}, {"type": "Feature", "geometry": {"type": "Point", "coordinates": [-76.63129069760127, 39.2985906212228]}, "properties": {}}, {"type": "Feature", "geometry": {"type": "Point", "coordinates": [-76.64887634187674, 39.286870994328865]}, "properties": {}}, {"type": "Feature", "geometry": {"type": "Point", "coordinates": [-76.65028983085188, 39.2967095387297]}, "properties": {}}, {"type": "Feature", "geometry": {"type": "Point", "coordinates": [-76.64244347909595, 39.31354565846086]}, "properties": {}}, {"type": "Feature", "geometry": {"type": "Point", "coordinates": [-76.65088491350062, 39.28915662604548]}, "properties": {}}, {"type": "Feature", "geometry": {"type": "Point", "coordinates": [-76.63914467522459, 39.285246400906864]}, "properties": {}}, {"type": "Feature", "geometry": {"type": "Point", "coordinates": [-76.64508577538749, 39.29148959653352]}, "properties": {}}, {"type": "Feature", "geometry": {"type": "Point", "coordinates": [-76.6468813662805, 39.30923117029343]}, "properties": {}}, {"type": "Feature", "geometry": {"type": "Point", "coordinates": [-76.64151602694398, 39.3069130339053]}, "properties": {}}, {"type": "Feature", "geometry": {"type": "Point", "coordinates": [-76.63411168422442, 39.30619057002699]}, "properties": {}}, {"type": "Feature", "geometry": {"type": "Point", "coordinates": [-76.64956116171429, 39.294673693578936]}, "properties": {}}, {"type": "Feature", "geometry": {"type": "Point", "coordinates": [-76.63332383180821, 39.29763804407964]}, "properties": {}}, {"type": "Feature", "geometry": {"type": "Point", "coordinates": [-76.6332801198072, 39.29755368863375]}, "properties": {}}, {"type": "Feature", "geometry": {"type": "Point", "coordinates": [-76.64305670634488, 39.30877957767847]}, "properties": {}}, {"type": "Feature", "geometry": {"type": "Point", "coordinates": [-76.6376923543581, 39.31054031658338]}, "properties": {}}, {"type": "Feature", "geometry": {"type": "Point", "coordinates": [-76.65041424267817, 39.29005412699761]}, "properties": {}}, {"type": "Feature", "geometry": {"type": "Point", "coordinates": [-76.65086740745375, 39.311661433873816]}, "properties": {}}, {"type": "Feature", "geometry": {"type": "Point", "coordinates": [-76.63599293912733, 39.29616035697276]}, "properties": {}}, {"type": "Feature", "geometry": {"type": "Point", "coordinates": [-76.64190296888653, 39.29796331550815]}, "properties": {}}, {"type": "Feature", "geometry": {"type": "Point", "coordinates": [-76.64258498650834, 39.29794969924695]}, "properties": {}}, {"type": "Feature", "geometry": {"type": "Point", "coordinates": [-76.63771085272475, 39.3018537996566]}, "properties": {}}, {"type": "Feature", "geometry": {"type": "Point", "coordinates": [-76.643259550305, 39.285149823353684]}, "properties": {}}, {"type": "Feature", "geometry": {"type": "Point", "coordinates": [-76.64837120371429, 39.28743424436426]}, "properties": {}}, {"type": "Feature", "geometry": {"type": "Point", "coordinates": [-76.64741426787988, 39.292216189657566]}, "properties": {}}, {"type": "Feature", "geometry": {"type": "Point", "coordinates": [-76.64581030703751, 39.294540749544545]}, "properties": {}}, {"type": "Feature", "geometry": {"type": "Point", "coordinates": [-76.64583697706514, 39.310166889053626]}, "properties": {}}, {"type": "Feature", "geometry": {"type": "Point", "coordinates": [-76.64471725976229, 39.30957335418782]}, "properties": {}}, {"type": "Feature", "geometry": {"type": "Point", "coordinates": [-76.65005107773928, 39.308019593486165]}, "properties": {}}, {"type": "Feature", "geometry": {"type": "Point", "coordinates": [-76.6407297490858, 39.31330501913642]}, "properties": {}}, {"type": "Feature", "geometry": {"type": "Point", "coordinates": [-76.64000043478269, 39.28821900731476]}, "properties": {}}, {"type": "Feature", "geometry": {"type": "Point", "coordinates": [-76.64314067440165, 39.297107216890275]}, "properties": {}}, {"type": "Feature", "geometry": {"type": "Point", "coordinates": [-76.63391286404973, 39.29871488513114]}, "properties": {}}, {"type": "Feature", "geometry": {"type": "Point", "coordinates": [-76.63573448287713, 39.30097310341858]}, "properties": {}}, {"type": "Feature", "geometry": {"type": "Point", "coordinates": [-76.62412064039654, 39.297599810461605]}, "properties": {}}, {"type": "Feature", "geometry": {"type": "Point", "coordinates": [-76.6389764889509, 39.28534962111552]}, "properties": {}}, {"type": "Feature", "geometry": {"type": "Point", "coordinates": [-76.65094616878973, 39.30823031637226]}, "properties": {}}, {"type": "Feature", "geometry": {"type": "Point", "coordinates": [-76.65085269857342, 39.311447900020184]}, "properties": {}}, {"type": "Feature", "geometry": {"type": "Point", "coordinates": [-76.64274699825289, 39.30828795973828]}, "properties": {}}, {"type": "Feature", "geometry": {"type": "Point", "coordinates": [-76.63759647639638, 39.30956304890379]}, "properties": {}}, {"type": "Feature", "geometry": {"type": "Point", "coordinates": [-76.64293684097305, 39.311803115320245]}, "properties": {}}, {"type": "Feature", "geometry": {"type": "Point", "coordinates": [-76.63993220933304, 39.311762117500734]}, "properties": {}}, {"type": "Feature", "geometry": {"type": "Point", "coordinates": [-76.64927621912874, 39.311246044198704]}, "properties": {}}, {"type": "Feature", "geometry": {"type": "Point", "coordinates": [-76.65048813969892, 39.2895501507138]}, "properties": {}}, {"type": "Feature", "geometry": {"type": "Point", "coordinates": [-76.64589154337212, 39.291823094639156]}, "properties": {}}, {"type": "Feature", "geometry": {"type": "Point", "coordinates": [-76.64867990971074, 39.294614878688925]}, "properties": {}}, {"type": "Feature", "geometry": {"type": "Point", "coordinates": [-76.64529218353307, 39.2950234021943]}, "properties": {}}, {"type": "Feature", "geometry": {"type": "Point", "coordinates": [-76.64709803277218, 39.30146732681915]}, "properties": {}}, {"type": "Feature", "geometry": {"type": "Point", "coordinates": [-76.6474717605936, 39.305062496671084]}, "properties": {}}, {"type": "Feature", "geometry": {"type": "Point", "coordinates": [-76.64773389291732, 39.30688725678003]}, "properties": {}}, {"type": "Feature", "geometry": {"type": "Point", "coordinates": [-76.64242116038065, 39.29455484236125]}, "properties": {}}, {"type": "Feature", "geometry": {"type": "Point", "coordinates": [-76.63076845185236, 39.2992478129599]}, "properties": {}}, {"type": "Feature", "geometry": {"type": "Point", "coordinates": [-76.6477598795664, 39.284939624688626]}, "properties": {}}, {"type": "Feature", "geometry": {"type": "Point", "coordinates": [-76.63601504864151, 39.28596648109475]}, "properties": {}}, {"type": "Feature", "geometry": {"type": "Point", "coordinates": [-76.64680922882586, 39.29073045452553]}, "properties": {}}, {"type": "Feature", "geometry": {"type": "Point", "coordinates": [-76.64704151506494, 39.30046004433218]}, "properties": {}}, {"type": "Feature", "geometry": {"type": "Point", "coordinates": [-76.65092759688214, 39.310592229665666]}, "properties": {}}, {"type": "Feature", "geometry": {"type": "Point", "coordinates": [-76.64699319334882, 39.30841964605632]}, "properties": {}}, {"type": "Feature", "geometry": {"type": "Point", "coordinates": [-76.63623519994972, 39.3078948884781]}, "properties": {}}, {"type": "Feature", "geometry": {"type": "Point", "coordinates": [-76.64955085068304, 39.294473460438844]}, "properties": {}}, {"type": "Feature", "geometry": {"type": "Point", "coordinates": [-76.65079640047786, 39.2888552554324]}, "properties": {}}, {"type": "Feature", "geometry": {"type": "Point", "coordinates": [-76.65096663321287, 39.29003618609126]}, "properties": {}}, {"type": "Feature", "geometry": {"type": "Point", "coordinates": [-76.65054716036128, 39.29232917719534]}, "properties": {}}, {"type": "Feature", "geometry": {"type": "Point", "coordinates": [-76.63321064096638, 39.29515787138705]}, "properties": {}}, {"type": "Feature", "geometry": {"type": "Point", "coordinates": [-76.63442657899688, 39.29638668291734]}, "properties": {}}, {"type": "Feature", "geometry": {"type": "Point", "coordinates": [-76.6368049967095, 39.29614036830503]}, "properties": {}}, {"type": "Feature", "geometry": {"type": "Point", "coordinates": [-76.63789765146876, 39.28773570298214]}, "properties": {}}, {"type": "Feature", "geometry": {"type": "Point", "coordinates": [-76.63982027450568, 39.28772273095606]}, "properties": {}}, {"type": "Feature", "geometry": {"type": "Point", "coordinates": [-76.63512256224527, 39.296600780324795]}, "properties": {}}, {"type": "Feature", "geometry": {"type": "Point", "coordinates": [-76.64725771529154, 39.28576687482867]}, "properties": {}}, {"type": "Feature", "geometry": {"type": "Point", "coordinates": [-76.64473802978937, 39.28489855474817]}, "properties": {}}, {"type": "Feature", "geometry": {"type": "Point", "coordinates": [-76.64484989716256, 39.29232435341052]}, "properties": {}}, {"type": "Feature", "geometry": {"type": "Point", "coordinates": [-76.64468958624909, 39.30841507309485]}, "properties": {}}, {"type": "Feature", "geometry": {"type": "Point", "coordinates": [-76.65084809346114, 39.28821991447839]}, "properties": {}}, {"type": "Feature", "geometry": {"type": "Point", "coordinates": [-76.62122302940165, 39.28771734928979]}, "properties": {}}, {"type": "Feature", "geometry": {"type": "Point", "coordinates": [-76.64323170116441, 39.29935720022421]}, "properties": {}}, {"type": "Feature", "geometry": {"type": "Point", "coordinates": [-76.64183098982086, 39.29946559983409]}, "properties": {}}, {"type": "Feature", "geometry": {"type": "Point", "coordinates": [-76.63724304683163, 39.30228506869217]}, "properties": {}}, {"type": "Feature", "geometry": {"type": "Point", "coordinates": [-76.63911128534792, 39.301588806741364]}, "properties": {}}, {"type": "Feature", "geometry": {"type": "Point", "coordinates": [-76.63096564368121, 39.3042690926778]}, "properties": {}}, {"type": "Feature", "geometry": {"type": "Point", "coordinates": [-76.65093429311898, 39.288848787951515]}, "properties": {}}, {"type": "Feature", "geometry": {"type": "Point", "coordinates": [-76.64826783413763, 39.307288711867756]}, "properties": {}}, {"type": "Feature", "geometry": {"type": "Point", "coordinates": [-76.64875328640936, 39.31001896607634]}, "properties": {}}, {"type": "Feature", "geometry": {"type": "Point", "coordinates": [-76.64142936400968, 39.30684064786738]}, "properties": {}}, {"type": "Feature", "geometry": {"type": "Point", "coordinates": [-76.649911203964, 39.289776234745254]}, "properties": {}}, {"type": "Feature", "geometry": {"type": "Point", "coordinates": [-76.64402818508627, 39.31324096806967]}, "properties": {}}, {"type": "Feature", "geometry": {"type": "Point", "coordinates": [-76.64272371747943, 39.28458083467246]}, "properties": {}}, {"type": "Feature", "geometry": {"type": "Point", "coordinates": [-76.64898660792599, 39.28579607063556]}, "properties": {}}, {"type": "Feature", "geometry": {"type": "Point", "coordinates": [-76.63835364550235, 39.284722853035284]}, "properties": {}}, {"type": "Feature", "geometry": {"type": "Point", "coordinates": [-76.6436357020942, 39.28810190245107]}, "properties": {}}, {"type": "Feature", "geometry": {"type": "Point", "coordinates": [-76.64702642157027, 39.29437374028581]}, "properties": {}}, {"type": "Feature", "geometry": {"type": "Point", "coordinates": [-76.6489487251847, 39.297711436969564]}, "properties": {}}, {"type": "Feature", "geometry": {"type": "Point", "coordinates": [-76.64657995101821, 39.297393665230054]}, "properties": {}}, {"type": "Feature", "geometry": {"type": "Point", "coordinates": [-76.63617359300515, 39.29291899798826]}, "properties": {}}, {"type": "Feature", "geometry": {"type": "Point", "coordinates": [-76.6392436868907, 39.29710243971687]}, "properties": {}}, {"type": "Feature", "geometry": {"type": "Point", "coordinates": [-76.63617736172442, 39.296965073237686]}, "properties": {}}, {"type": "Feature", "geometry": {"type": "Point", "coordinates": [-76.63440550969803, 39.3016427063867]}, "properties": {}}, {"type": "Feature", "geometry": {"type": "Point", "coordinates": [-76.6489851092856, 39.29653269355633]}, "properties": {}}, {"type": "Feature", "geometry": {"type": "Point", "coordinates": [-76.64866474665294, 39.29932487179132]}, "properties": {}}, {"type": "Feature", "geometry": {"type": "Point", "coordinates": [-76.6477234167905, 39.306770894752404]}, "properties": {}}, {"type": "Feature", "geometry": {"type": "Point", "coordinates": [-76.64865083557413, 39.31105441618869]}, "properties": {}}, {"type": "Feature", "geometry": {"type": "Point", "coordinates": [-76.638713644911, 39.31176842895625]}, "properties": {}}, {"type": "Feature", "geometry": {"type": "Point", "coordinates": [-76.65098349280721, 39.31144184546751]}, "properties": {}}, {"type": "Feature", "geometry": {"type": "Point", "coordinates": [-76.64322192635292, 39.29286618464528]}, "properties": {}}, {"type": "Feature", "geometry": {"type": "Point", "coordinates": [-76.64126719213617, 39.29943494298147]}, "properties": {}}, {"type": "Feature", "geometry": {"type": "Point", "coordinates": [-76.63967954297395, 39.297615310047036]}, "properties": {}}, {"type": "Feature", "geometry": {"type": "Point", "coordinates": [-76.63623974006057, 39.29988593515073]}, "properties": {}}, {"type": "Feature", "geometry": {"type": "Point", "coordinates": [-76.63082267933433, 39.30155705526829]}, "properties": {}}, {"type": "Feature", "geometry": {"type": "Point", "coordinates": [-76.64641187719029, 39.28906012043255]}, "properties": {}}, {"type": "Feature", "geometry": {"type": "Point", "coordinates": [-76.62737594651331, 39.3084544653789]}, "properties": {}}, {"type": "Feature", "geometry": {"type": "Point", "coordinates": [-76.648095430416, 39.29774142863891]}, "properties": {}}, {"type": "Feature", "geometry": {"type": "Point", "coordinates": [-76.64702838779353, 39.30023945025473]}, "properties": {}}, {"type": "Feature", "geometry": {"type": "Point", "coordinates": [-76.64873493713931, 39.300577591222925]}, "properties": {}}, {"type": "Feature", "geometry": {"type": "Point", "coordinates": [-76.64846459085035, 39.31053294729752]}, "properties": {}}, {"type": "Feature", "geometry": {"type": "Point", "coordinates": [-76.6454553620747, 39.30847024502476]}, "properties": {}}, {"type": "Feature", "geometry": {"type": "Point", "coordinates": [-76.63725041802057, 39.308725331904235]}, "properties": {}}, {"type": "Feature", "geometry": {"type": "Point", "coordinates": [-76.64045969721123, 39.2886794733432]}, "properties": {}}, {"type": "Feature", "geometry": {"type": "Point", "coordinates": [-76.6471789164576, 39.28697273045779]}, "properties": {}}, {"type": "Feature", "geometry": {"type": "Point", "coordinates": [-76.64700764597022, 39.28559333264206]}, "properties": {}}, {"type": "Feature", "geometry": {"type": "Point", "coordinates": [-76.64526037369872, 39.28505156554459]}, "properties": {}}, {"type": "Feature", "geometry": {"type": "Point", "coordinates": [-76.6427020397114, 39.284845406770565]}, "properties": {}}, {"type": "Feature", "geometry": {"type": "Point", "coordinates": [-76.64693316989971, 39.29813488631093]}, "properties": {}}, {"type": "Feature", "geometry": {"type": "Point", "coordinates": [-76.64572646708093, 39.312507821524584]}, "properties": {}}, {"type": "Feature", "geometry": {"type": "Point", "coordinates": [-76.63961761374242, 39.31047271177185]}, "properties": {}}, {"type": "Feature", "geometry": {"type": "Point", "coordinates": [-76.65016589774345, 39.29416856027444]}, "properties": {}}, {"type": "Feature", "geometry": {"type": "Point", "coordinates": [-76.64965674597731, 39.29611947985197]}, "properties": {}}, {"type": "Feature", "geometry": {"type": "Point", "coordinates": [-76.65028940085958, 39.30849300510192]}, "properties": {}}, {"type": "Feature", "geometry": {"type": "Point", "coordinates": [-76.64534038556012, 39.29690873112734]}, "properties": {}}, {"type": "Feature", "geometry": {"type": "Point", "coordinates": [-76.64737569084699, 39.30071529783716]}, "properties": {}}, {"type": "Feature", "geometry": {"type": "Point", "coordinates": [-76.64726925175808, 39.300719028145416]}, "properties": {}}, {"type": "Feature", "geometry": {"type": "Point", "coordinates": [-76.64777759003047, 39.30001964507705]}, "properties": {}}, {"type": "Feature", "geometry": {"type": "Point", "coordinates": [-76.6469059525689, 39.30690898769201]}, "properties": {}}, {"type": "Feature", "geometry": {"type": "Point", "coordinates": [-76.64834197793239, 39.30830295945162]}, "properties": {}}, {"type": "Feature", "geometry": {"type": "Point", "coordinates": [-76.64760028527508, 39.286732175497484]}, "properties": {}}, {"type": "Feature", "geometry": {"type": "Point", "coordinates": [-76.64808575904073, 39.285924553025175]}, "properties": {}}, {"type": "Feature", "geometry": {"type": "Point", "coordinates": [-76.64779499800169, 39.2859380658478]}, "properties": {}}, {"type": "Feature", "geometry": {"type": "Point", "coordinates": [-76.64606602135154, 39.29804358876892]}, "properties": {}}, {"type": "Feature", "geometry": {"type": "Point", "coordinates": [-76.64589760565948, 39.306160967262954]}, "properties": {}}, {"type": "Feature", "geometry": {"type": "Point", "coordinates": [-76.64595846246745, 39.309469801629284]}, "properties": {}}, {"type": "Feature", "geometry": {"type": "Point", "coordinates": [-76.640806511034, 39.31039241511372]}, "properties": {}}, {"type": "Feature", "geometry": {"type": "Point", "coordinates": [-76.64051750900643, 39.31125551073397]}, "properties": {}}, {"type": "Feature", "geometry": {"type": "Point", "coordinates": [-76.64989288340671, 39.29406563080062]}, "properties": {}}, {"type": "Feature", "geometry": {"type": "Point", "coordinates": [-76.64113397729588, 39.28865451230449]}, "properties": {}}, {"type": "Feature", "geometry": {"type": "Point", "coordinates": [-76.64144278562225, 39.29242826808755]}, "properties": {}}, {"type": "Feature", "geometry": {"type": "Point", "coordinates": [-76.63773414320413, 39.3022689353395]}, "properties": {}}, {"type": "Feature", "geometry": {"type": "Point", "coordinates": [-76.64497837298254, 39.289935669338114]}, "properties": {}}, {"type": "Feature", "geometry": {"type": "Point", "coordinates": [-76.64635527440855, 39.29469178279752]}, "properties": {}}, {"type": "Feature", "geometry": {"type": "Point", "coordinates": [-76.64701254678087, 39.29777946370432]}, "properties": {}}, {"type": "Feature", "geometry": {"type": "Point", "coordinates": [-76.65064201701207, 39.28717073228496]}, "properties": {}}, {"type": "Feature", "geometry": {"type": "Point", "coordinates": [-76.65068375381566, 39.2913544170892]}, "properties": {}}, {"type": "Feature", "geometry": {"type": "Point", "coordinates": [-76.64658775605213, 39.30036566196592]}, "properties": {}}, {"type": "Feature", "geometry": {"type": "Point", "coordinates": [-76.64794086913774, 39.301391312959105]}, "properties": {}}, {"type": "Feature", "geometry": {"type": "Point", "coordinates": [-76.64749152691805, 39.30958564279803]}, "properties": {}}, {"type": "Feature", "geometry": {"type": "Point", "coordinates": [-76.64349171884551, 39.309772697584584]}, "properties": {}}, {"type": "Feature", "geometry": {"type": "Point", "coordinates": [-76.64621265785206, 39.31163913636332]}, "properties": {}}, {"type": "Feature", "geometry": {"type": "Point", "coordinates": [-76.64923258184197, 39.29389861537483]}, "properties": {}}, {"type": "Feature", "geometry": {"type": "Point", "coordinates": [-76.62821496470806, 39.29028352009413]}, "properties": {}}, {"type": "Feature", "geometry": {"type": "Point", "coordinates": [-76.64128300326367, 39.2997065180155]}, "properties": {}}, {"type": "Feature", "geometry": {"type": "Point", "coordinates": [-76.63858678313807, 39.30142030607876]}, "properties": {}}, {"type": "Feature", "geometry": {"type": "Point", "coordinates": [-76.63901851050126, 39.285346908355365]}, "properties": {}}, {"type": "Feature", "geometry": {"type": "Point", "coordinates": [-76.64402428241327, 39.288471026433406]}, "properties": {}}, {"type": "Feature", "geometry": {"type": "Point", "coordinates": [-76.64642126724306, 39.291098107659735]}, "properties": {}}, {"type": "Feature", "geometry": {"type": "Point", "coordinates": [-76.63903940789729, 39.30998017855928]}, "properties": {}}, {"type": "Feature", "geometry": {"type": "Point", "coordinates": [-76.63938867165557, 39.3112117055554]}, "properties": {}}, {"type": "Feature", "geometry": {"type": "Point", "coordinates": [-76.6501992479899, 39.29486432727288]}, "properties": {}}, {"type": "Feature", "geometry": {"type": "Point", "coordinates": [-76.64900028296209, 39.29908976299234]}, "properties": {}}, {"type": "Feature", "geometry": {"type": "Point", "coordinates": [-76.64619336023216, 39.2899890143668]}, "properties": {}}, {"type": "Feature", "geometry": {"type": "Point", "coordinates": [-76.64816593848549, 39.299339587373375]}, "properties": {}}, {"type": "Feature", "geometry": {"type": "Point", "coordinates": [-76.64423839039684, 39.301202942410185]}, "properties": {}}, {"type": "Feature", "geometry": {"type": "Point", "coordinates": [-76.6456049420046, 39.30190452744642]}, "properties": {}}, {"type": "Feature", "geometry": {"type": "Point", "coordinates": [-76.64779932627283, 39.308219155760625]}, "properties": {}}, {"type": "Feature", "geometry": {"type": "Point", "coordinates": [-76.63399709047049, 39.30610142121667]}, "properties": {}}, {"type": "Feature", "geometry": {"type": "Point", "coordinates": [-76.63291102457536, 39.29517375906503]}, "properties": {}}, {"type": "Feature", "geometry": {"type": "Point", "coordinates": [-76.64163549366673, 39.28815040910873]}, "properties": {}}, {"type": "Feature", "geometry": {"type": "Point", "coordinates": [-76.6409883674736, 39.30524734510988]}, "properties": {}}, {"type": "Feature", "geometry": {"type": "Point", "coordinates": [-76.63159353775337, 39.30411302723379]}, "properties": {}}, {"type": "Feature", "geometry": {"type": "Point", "coordinates": [-76.63021401273791, 39.30349661493413]}, "properties": {}}, {"type": "Feature", "geometry": {"type": "Point", "coordinates": [-76.62825508152083, 39.30207239744933]}, "properties": {}}, {"type": "Feature", "geometry": {"type": "Point", "coordinates": [-76.63241942698477, 39.28453997718827]}, "properties": {}}, {"type": "Feature", "geometry": {"type": "Point", "coordinates": [-76.64785508588834, 39.28870651627611]}, "properties": {}}, {"type": "Feature", "geometry": {"type": "Point", "coordinates": [-76.64590358336336, 39.29032282276953]}, "properties": {}}, {"type": "Feature", "geometry": {"type": "Point", "coordinates": [-76.64854539651357, 39.29712571381998]}, "properties": {}}, {"type": "Feature", "geometry": {"type": "Point", "coordinates": [-76.64613051151441, 39.31015781552987]}, "properties": {}}, {"type": "Feature", "geometry": {"type": "Point", "coordinates": [-76.64726733818824, 39.31111742720835]}, "properties": {}}, {"type": "Feature", "geometry": {"type": "Point", "coordinates": [-76.64975927760672, 39.29812041707152]}, "properties": {}}, {"type": "Feature", "geometry": {"type": "Point", "coordinates": [-76.63550080141646, 39.29533082395397]}, "properties": {}}, {"type": "Feature", "geometry": {"type": "Point", "coordinates": [-76.6385372608072, 39.30090674880762]}, "properties": {}}, {"type": "Feature", "geometry": {"type": "Point", "coordinates": [-76.64603008130564, 39.28484020186509]}, "properties": {}}, {"type": "Feature", "geometry": {"type": "Point", "coordinates": [-76.64799192086929, 39.29076400762495]}, "properties": {}}, {"type": "Feature", "geometry": {"type": "Point", "coordinates": [-76.64681200772193, 39.29562610735082]}, "properties": {}}, {"type": "Feature", "geometry": {"type": "Point", "coordinates": [-76.6489335442158, 39.299979454051574]}, "properties": {}}, {"type": "Feature", "geometry": {"type": "Point", "coordinates": [-76.64409129218863, 39.30297223880818]}, "properties": {}}, {"type": "Feature", "geometry": {"type": "Point", "coordinates": [-76.64825393787856, 39.307058968036095]}, "properties": {}}, {"type": "Feature", "geometry": {"type": "Point", "coordinates": [-76.65048235869713, 39.28975912218654]}, "properties": {}}, {"type": "Feature", "geometry": {"type": "Point", "coordinates": [-76.63268129501489, 39.294843488770184]}, "properties": {}}, {"type": "Feature", "geometry": {"type": "Point", "coordinates": [-76.63966649678491, 39.2958414030947]}, "properties": {}}, {"type": "Feature", "geometry": {"type": "Point", "coordinates": [-76.63935833656132, 39.30036450886454]}, "properties": {}}, {"type": "Feature", "geometry": {"type": "Point", "coordinates": [-76.63848441012173, 39.28501249698848]}, "properties": {}}, {"type": "Feature", "geometry": {"type": "Point", "coordinates": [-76.64613237466241, 39.289740285151574]}, "properties": {}}, {"type": "Feature", "geometry": {"type": "Point", "coordinates": [-76.64340267794941, 39.29229658310337]}, "properties": {}}, {"type": "Feature", "geometry": {"type": "Point", "coordinates": [-76.64654386930373, 39.29539179310851]}, "properties": {}}, {"type": "Feature", "geometry": {"type": "Point", "coordinates": [-76.64590595008485, 39.29574832143236]}, "properties": {}}, {"type": "Feature", "geometry": {"type": "Point", "coordinates": [-76.64128400933201, 39.30671918694405]}, "properties": {}}, {"type": "Feature", "geometry": {"type": "Point", "coordinates": [-76.63612695335122, 39.30892730512906]}, "properties": {}}, {"type": "Feature", "geometry": {"type": "Point", "coordinates": [-76.65033459863218, 39.3109933861497]}, "properties": {}}, {"type": "Feature", "geometry": {"type": "Point", "coordinates": [-76.64319513497709, 39.28785085835929]}, "properties": {}}, {"type": "Feature", "geometry": {"type": "Point", "coordinates": [-76.63245384961166, 39.29929765513128]}, "properties": {}}, {"type": "Feature", "geometry": {"type": "Point", "coordinates": [-76.64754199046195, 39.2903212039471]}, "properties": {}}, {"type": "Feature", "geometry": {"type": "Point", "coordinates": [-76.64824922098428, 39.29489550550377]}, "properties": {}}, {"type": "Feature", "geometry": {"type": "Point", "coordinates": [-76.64765061931841, 39.29491550019433]}, "properties": {}}, {"type": "Feature", "geometry": {"type": "Point", "coordinates": [-76.64865440538472, 39.29913977686843]}, "properties": {}}, {"type": "Feature", "geometry": {"type": "Point", "coordinates": [-76.63767723476604, 39.30632968144675]}, "properties": {}}, {"type": "Feature", "geometry": {"type": "Point", "coordinates": [-76.64084205088791, 39.31261549286261]}, "properties": {}}, {"type": "Feature", "geometry": {"type": "Point", "coordinates": [-76.64305776937071, 39.31231118046114]}, "properties": {}}, {"type": "Feature", "geometry": {"type": "Point", "coordinates": [-76.63935291122732, 39.311799703097584]}, "properties": {}}, {"type": "Feature", "geometry": {"type": "Point", "coordinates": [-76.65016800609565, 39.294207168522775]}, "properties": {}}, {"type": "Feature", "geometry": {"type": "Point", "coordinates": [-76.63238944229849, 39.305917634339494]}, "properties": {}}, {"type": "Feature", "geometry": {"type": "Point", "coordinates": [-76.64242832138241, 39.301285142743446]}, "properties": {}}, {"type": "Feature", "geometry": {"type": "Point", "coordinates": [-76.64258839731455, 39.30128081524604]}, "properties": {}}, {"type": "Feature", "geometry": {"type": "Point", "coordinates": [-76.63012344799904, 39.301294442978836]}, "properties": {}}, {"type": "Feature", "geometry": {"type": "Point", "coordinates": [-76.6397604725448, 39.28490760712686]}, "properties": {}}, {"type": "Feature", "geometry": {"type": "Point", "coordinates": [-76.64006195071282, 39.28584093092293]}, "properties": {}}, {"type": "Feature", "geometry": {"type": "Point", "coordinates": [-76.64437322873307, 39.29452357429935]}, "properties": {}}, {"type": "Feature", "geometry": {"type": "Point", "coordinates": [-76.64805335991583, 39.29695985907813]}, "properties": {}}, {"type": "Feature", "geometry": {"type": "Point", "coordinates": [-76.63610432892872, 39.30668223503702]}, "properties": {}}, {"type": "Feature", "geometry": {"type": "Point", "coordinates": [-76.64926975263722, 39.296512952322026]}, "properties": {}}, {"type": "Feature", "geometry": {"type": "Point", "coordinates": [-76.63519533938133, 39.296015360699556]}, "properties": {}}, {"type": "Feature", "geometry": {"type": "Point", "coordinates": [-76.63523103926192, 39.301929828232026]}, "properties": {}}, {"type": "Feature", "geometry": {"type": "Point", "coordinates": [-76.6474173436708, 39.28595486707152]}, "properties": {}}, {"type": "Feature", "geometry": {"type": "Point", "coordinates": [-76.64781725881451, 39.294298831324056]}, "properties": {}}, {"type": "Feature", "geometry": {"type": "Point", "coordinates": [-76.64734562485135, 39.300413737157655]}, "properties": {}}, {"type": "Feature", "geometry": {"type": "Point", "coordinates": [-76.644445459121, 39.30955457558128]}, "properties": {}}, {"type": "Feature", "geometry": {"type": "Point", "coordinates": [-76.65024710214739, 39.31150731522956]}, "properties": {}}, {"type": "Feature", "geometry": {"type": "Point", "coordinates": [-76.63437236134419, 39.29515576189724]}, "properties": {}}, {"type": "Feature", "geometry": {"type": "Point", "coordinates": [-76.63680553265995, 39.29520479247688]}, "properties": {}}, {"type": "Feature", "geometry": {"type": "Point", "coordinates": [-76.64159790460162, 39.29095488133167]}, "properties": {}}, {"type": "Feature", "geometry": {"type": "Point", "coordinates": [-76.64443753639848, 39.28483011647056]}, "properties": {}}, {"type": "Feature", "geometry": {"type": "Point", "coordinates": [-76.64642899304924, 39.295638776531575]}, "properties": {}}, {"type": "Feature", "geometry": {"type": "Point", "coordinates": [-76.6469676875258, 39.309628944856605]}, "properties": {}}, {"type": "Feature", "geometry": {"type": "Point", "coordinates": [-76.63602934468291, 39.30884810937865]}, "properties": {}}, {"type": "Feature", "geometry": {"type": "Point", "coordinates": [-76.6391640167435, 39.31098322709408]}, "properties": {}}, {"type": "Feature", "geometry": {"type": "Point", "coordinates": [-76.65010855300396, 39.309954042139665]}, "properties": {}}, {"type": "Feature", "geometry": {"type": "Point", "coordinates": [-76.64903053237848, 39.31022264051145]}, "properties": {}}, {"type": "Feature", "geometry": {"type": "Point", "coordinates": [-76.65065999517827, 39.29422678995669]}, "properties": {}}, {"type": "Feature", "geometry": {"type": "Point", "coordinates": [-76.63788510046697, 39.29190011246224]}, "properties": {}}, {"type": "Feature", "geometry": {"type": "Point", "coordinates": [-76.63989474322912, 39.29972706287169]}, "properties": {}}, {"type": "Feature", "geometry": {"type": "Point", "coordinates": [-76.64523666380626, 39.294127988534214]}, "properties": {}}, {"type": "Feature", "geometry": {"type": "Point", "coordinates": [-76.64668473906292, 39.29434318008489]}, "properties": {}}, {"type": "Feature", "geometry": {"type": "Point", "coordinates": [-76.64654948343086, 39.2994705707279]}, "properties": {}}, {"type": "Feature", "geometry": {"type": "Point", "coordinates": [-76.64826219274575, 39.30800981979188]}, "properties": {}}, {"type": "Feature", "geometry": {"type": "Point", "coordinates": [-76.64516751556792, 39.3085301374465]}, "properties": {}}, {"type": "Feature", "geometry": {"type": "Point", "coordinates": [-76.64232431815344, 39.30964470914751]}, "properties": {}}, {"type": "Feature", "geometry": {"type": "Point", "coordinates": [-76.64933697039027, 39.295774122230874]}, "properties": {}}, {"type": "Feature", "geometry": {"type": "Point", "coordinates": [-76.65073112463178, 39.310977946470494]}, "properties": {}}, {"type": "Feature", "geometry": {"type": "Point", "coordinates": [-76.62158348035474, 39.29335364526934]}, "properties": {}}, {"type": "Feature", "geometry": {"type": "Point", "coordinates": [-76.64563439719998, 39.28576543537575]}, "properties": {}}, {"type": "Feature", "geometry": {"type": "Point", "coordinates": [-76.64668117662741, 39.29739037115857]}, "properties": {}}, {"type": "Feature", "geometry": {"type": "Point", "coordinates": [-76.64626923572096, 39.30156143075313]}, "properties": {}}, {"type": "Feature", "geometry": {"type": "Point", "coordinates": [-76.64793258323358, 39.310067345908344]}, "properties": {}}, {"type": "Feature", "geometry": {"type": "Point", "coordinates": [-76.64604127154661, 39.31277026679166]}, "properties": {}}, {"type": "Feature", "geometry": {"type": "Point", "coordinates": [-76.64944556463323, 39.2856507379766]}, "properties": {}}, {"type": "Feature", "geometry": {"type": "Point", "coordinates": [-76.6501032054386, 39.308913659488205]}, "properties": {}}, {"type": "Feature", "geometry": {"type": "Point", "coordinates": [-76.64919508700268, 39.311508071586985]}, "properties": {}}, {"type": "Feature", "geometry": {"type": "Point", "coordinates": [-76.64309960265395, 39.28455160637444]}, "properties": {}}, {"type": "Feature", "geometry": {"type": "Point", "coordinates": [-76.65054117777294, 39.29005001167423]}, "properties": {}}, {"type": "Feature", "geometry": {"type": "Point", "coordinates": [-76.63514375991521, 39.29471614184208]}, "properties": {}}, {"type": "Feature", "geometry": {"type": "Point", "coordinates": [-76.63166289165046, 39.299992645052214]}, "properties": {}}, {"type": "Feature", "geometry": {"type": "Point", "coordinates": [-76.63056074550809, 39.2984235130769]}, "properties": {}}, {"type": "Feature", "geometry": {"type": "Point", "coordinates": [-76.64532264627076, 39.28582043982973]}, "properties": {}}, {"type": "Feature", "geometry": {"type": "Point", "coordinates": [-76.6434726762796, 39.287777711715236]}, "properties": {}}, {"type": "Feature", "geometry": {"type": "Point", "coordinates": [-76.64596086115931, 39.291114429080004]}, "properties": {}}, {"type": "Feature", "geometry": {"type": "Point", "coordinates": [-76.65048403102655, 39.31060811649235]}, "properties": {}}, {"type": "Feature", "geometry": {"type": "Point", "coordinates": [-76.64599095336926, 39.29660903501056]}, "properties": {}}, {"type": "Feature", "geometry": {"type": "Point", "coordinates": [-76.64733427449565, 39.30022939667656]}, "properties": {}}, {"type": "Feature", "geometry": {"type": "Point", "coordinates": [-76.6482395202519, 39.30682706171621]}, "properties": {}}, {"type": "Feature", "geometry": {"type": "Point", "coordinates": [-76.64370905943379, 39.307412835400896]}, "properties": {}}, {"type": "Feature", "geometry": {"type": "Point", "coordinates": [-76.64118007965948, 39.30702004952937]}, "properties": {}}, {"type": "Feature", "geometry": {"type": "Point", "coordinates": [-76.6491843213362, 39.308017173845755]}, "properties": {}}, {"type": "Feature", "geometry": {"type": "Point", "coordinates": [-76.6432542181586, 39.299781866286466]}, "properties": {}}, {"type": "Feature", "geometry": {"type": "Point", "coordinates": [-76.63886448880363, 39.28484018229474]}, "properties": {}}, {"type": "Feature", "geometry": {"type": "Point", "coordinates": [-76.63594979910928, 39.28647430054048]}, "properties": {}}, {"type": "Feature", "geometry": {"type": "Point", "coordinates": [-76.64602766602034, 39.29277262582154]}, "properties": {}}, {"type": "Feature", "geometry": {"type": "Point", "coordinates": [-76.6471190807811, 39.30962283669374]}, "properties": {}}, {"type": "Feature", "geometry": {"type": "Point", "coordinates": [-76.64877429240624, 39.3102337612657]}, "properties": {}}, {"type": "Feature", "geometry": {"type": "Point", "coordinates": [-76.63724704545632, 39.30926498852518]}, "properties": {}}, {"type": "Feature", "geometry": {"type": "Point", "coordinates": [-76.65068948158365, 39.286589561905195]}, "properties": {}}, {"type": "Feature", "geometry": {"type": "Point", "coordinates": [-76.6333231450136, 39.29858785624736]}, "properties": {}}, {"type": "Feature", "geometry": {"type": "Point", "coordinates": [-76.64708165600871, 39.3011268666743]}, "properties": {}}, {"type": "Feature", "geometry": {"type": "Point", "coordinates": [-76.64458448284299, 39.30973267251454]}, "properties": {}}, {"type": "Feature", "geometry": {"type": "Point", "coordinates": [-76.64512011392712, 39.30869562493759]}, "properties": {}}, {"type": "Feature", "geometry": {"type": "Point", "coordinates": [-76.65017852076356, 39.294398893669495]}, "properties": {}}, {"type": "Feature", "geometry": {"type": "Point", "coordinates": [-76.649921407256, 39.297281981381886]}, "properties": {}}, {"type": "Feature", "geometry": {"type": "Point", "coordinates": [-76.65077049493516, 39.29589823606663]}, "properties": {}}, {"type": "Feature", "geometry": {"type": "Point", "coordinates": [-76.64155485629853, 39.2949152772463]}, "properties": {}}, {"type": "Feature", "geometry": {"type": "Point", "coordinates": [-76.63299667322146, 39.29728306904658]}, "properties": {}}, {"type": "Feature", "geometry": {"type": "Point", "coordinates": [-76.64471615975737, 39.28508982181346]}, "properties": {}}, {"type": "Feature", "geometry": {"type": "Point", "coordinates": [-76.64451631643817, 39.28564026721819]}, "properties": {}}, {"type": "Feature", "geometry": {"type": "Point", "coordinates": [-76.64770363037744, 39.29176357364474]}, "properties": {}}, {"type": "Feature", "geometry": {"type": "Point", "coordinates": [-76.64806435139337, 39.29719016512009]}, "properties": {}}, {"type": "Feature", "geometry": {"type": "Point", "coordinates": [-76.64939817751406, 39.28684895843798]}, "properties": {}}, {"type": "Feature", "geometry": {"type": "Point", "coordinates": [-76.64967923306516, 39.2967291297637]}, "properties": {}}, {"type": "Feature", "geometry": {"type": "Point", "coordinates": [-76.65087445660225, 39.28851437805745]}, "properties": {}}, {"type": "Feature", "geometry": {"type": "Point", "coordinates": [-76.64872478652136, 39.3003960630403]}, "properties": {}}, {"type": "Feature", "geometry": {"type": "Point", "coordinates": [-76.64829799164532, 39.29960101020529]}, "properties": {}}, {"type": "Feature", "geometry": {"type": "Point", "coordinates": [-76.64427312743307, 39.301797123137106]}, "properties": {}}, {"type": "Feature", "geometry": {"type": "Point", "coordinates": [-76.64687038764531, 39.31214760088106]}, "properties": {}}, {"type": "Feature", "geometry": {"type": "Point", "coordinates": [-76.6369314127589, 39.30738403313383]}, "properties": {}}, {"type": "Feature", "geometry": {"type": "Point", "coordinates": [-76.63640689292745, 39.308667373566266]}, "properties": {}}, {"type": "Feature", "geometry": {"type": "Point", "coordinates": [-76.63343485975676, 39.294575532054026]}, "properties": {}}, {"type": "Feature", "geometry": {"type": "Point", "coordinates": [-76.63824818901483, 39.28778353960686]}, "properties": {}}, {"type": "Feature", "geometry": {"type": "Point", "coordinates": [-76.63893180826565, 39.2981849556311]}, "properties": {}}, {"type": "Feature", "geometry": {"type": "Point", "coordinates": [-76.63532610694045, 39.3018319580222]}, "properties": {}}, {"type": "Feature", "geometry": {"type": "Point", "coordinates": [-76.63337540915803, 39.30393096770046]}, "properties": {}}, {"type": "Feature", "geometry": {"type": "Point", "coordinates": [-76.64787523642099, 39.30001623385006]}, "properties": {}}, {"type": "Feature", "geometry": {"type": "Point", "coordinates": [-76.64355149237339, 39.30820018511025]}, "properties": {}}, {"type": "Feature", "geometry": {"type": "Point", "coordinates": [-76.64958462421241, 39.309009467668496]}, "properties": {}}, {"type": "Feature", "geometry": {"type": "Point", "coordinates": [-76.64959694329268, 39.30923622949893]}, "properties": {}}, {"type": "Feature", "geometry": {"type": "Point", "coordinates": [-76.65073335305495, 39.28916160801729]}, "properties": {}}, {"type": "Feature", "geometry": {"type": "Point", "coordinates": [-76.65066396799882, 39.29025414741743]}, "properties": {}}, {"type": "Feature", "geometry": {"type": "Point", "coordinates": [-76.65040491764242, 39.30801032047889]}, "properties": {}}, {"type": "Feature", "geometry": {"type": "Point", "coordinates": [-76.63636606244292, 39.29251028196576]}, "properties": {}}, {"type": "Feature", "geometry": {"type": "Point", "coordinates": [-76.63776134496422, 39.2887340325566]}, "properties": {}}, {"type": "Feature", "geometry": {"type": "Point", "coordinates": [-76.63951779853954, 39.30035948828662]}, "properties": {}}, {"type": "Feature", "geometry": {"type": "Point", "coordinates": [-76.63910835038112, 39.30030864921831]}, "properties": {}}, {"type": "Feature", "geometry": {"type": "Point", "coordinates": [-76.63761006359647, 39.29995916042276]}, "properties": {}}, {"type": "Feature", "geometry": {"type": "Point", "coordinates": [-76.63317556094283, 39.303321908659846]}, "properties": {}}, {"type": "Feature", "geometry": {"type": "Point", "coordinates": [-76.64867888760207, 39.294881165695976]}, "properties": {}}, {"type": "Feature", "geometry": {"type": "Point", "coordinates": [-76.64621484823729, 39.30033511920749]}, "properties": {}}, {"type": "Feature", "geometry": {"type": "Point", "coordinates": [-76.64868859306826, 39.3095238113434]}, "properties": {}}, {"type": "Feature", "geometry": {"type": "Point", "coordinates": [-76.6439301244507, 39.311579433938455]}, "properties": {}}, {"type": "Feature", "geometry": {"type": "Point", "coordinates": [-76.65018631269452, 39.31099876008543]}, "properties": {}}, {"type": "Feature", "geometry": {"type": "Point", "coordinates": [-76.64020183471027, 39.305042669392115]}, "properties": {}}, {"type": "Feature", "geometry": {"type": "Point", "coordinates": [-76.62938464805335, 39.30151806789803]}, "properties": {}}, {"type": "Feature", "geometry": {"type": "Point", "coordinates": [-76.6447980372625, 39.28562233226053]}, "properties": {}}, {"type": "Feature", "geometry": {"type": "Point", "coordinates": [-76.64665729066307, 39.28929321146948]}, "properties": {}}, {"type": "Feature", "geometry": {"type": "Point", "coordinates": [-76.64654517147473, 39.290804928659405]}, "properties": {}}, {"type": "Feature", "geometry": {"type": "Point", "coordinates": [-76.64565940108572, 39.291619930295695]}, "properties": {}}, {"type": "Feature", "geometry": {"type": "Point", "coordinates": [-76.63457105239642, 39.29638142246648]}, "properties": {}}, {"type": "Feature", "geometry": {"type": "Point", "coordinates": [-76.63985394408894, 39.285142396834615]}, "properties": {}}, {"type": "Feature", "geometry": {"type": "Point", "coordinates": [-76.64796317024303, 39.29175499548143]}, "properties": {}}, {"type": "Feature", "geometry": {"type": "Point", "coordinates": [-76.63787021753976, 39.309814106937374]}, "properties": {}}, {"type": "Feature", "geometry": {"type": "Point", "coordinates": [-76.63649951346069, 39.3092295839069]}, "properties": {}}, {"type": "Feature", "geometry": {"type": "Point", "coordinates": [-76.64007142901549, 39.28869112110361]}, "properties": {}}, {"type": "Feature", "geometry": {"type": "Point", "coordinates": [-76.64285544681736, 39.28790201614054]}, "properties": {}}, {"type": "Feature", "geometry": {"type": "Point", "coordinates": [-76.6352691144826, 39.29772527708253]}, "properties": {}}, {"type": "Feature", "geometry": {"type": "Point", "coordinates": [-76.64164553910828, 39.28559526475372]}, "properties": {}}, {"type": "Feature", "geometry": {"type": "Point", "coordinates": [-76.64606572725465, 39.28876757614282]}, "properties": {}}, {"type": "Feature", "geometry": {"type": "Point", "coordinates": [-76.64752248139551, 39.294393299713505]}, "properties": {}}, {"type": "Feature", "geometry": {"type": "Point", "coordinates": [-76.64820742286808, 39.2989222578325]}, "properties": {}}, {"type": "Feature", "geometry": {"type": "Point", "coordinates": [-76.64746787258102, 39.308032821802016]}, "properties": {}}, {"type": "Feature", "geometry": {"type": "Point", "coordinates": [-76.64720939733624, 39.31071701348326]}, "properties": {}}, {"type": "Feature", "geometry": {"type": "Point", "coordinates": [-76.64439483162344, 39.30917644988947]}, "properties": {}}, {"type": "Feature", "geometry": {"type": "Point", "coordinates": [-76.64003438479918, 39.309904575914985]}, "properties": {}}, {"type": "Feature", "geometry": {"type": "Point", "coordinates": [-76.6495185785494, 39.29729568522347]}, "properties": {}}, {"type": "Feature", "geometry": {"type": "Point", "coordinates": [-76.64307291494207, 39.29287087174883]}, "properties": {}}, {"type": "Feature", "geometry": {"type": "Point", "coordinates": [-76.64040126955318, 39.29429462744176]}, "properties": {}}, {"type": "Feature", "geometry": {"type": "Point", "coordinates": [-76.63826625344907, 39.29643724076088]}, "properties": {}}, {"type": "Feature", "geometry": {"type": "Point", "coordinates": [-76.62925774864317, 39.30339044068787]}, "properties": {}}, {"type": "Feature", "geometry": {"type": "Point", "coordinates": [-76.64463753114306, 39.28605213813052]}, "properties": {}}, {"type": "Feature", "geometry": {"type": "Point", "coordinates": [-76.64714154418297, 39.289277242718235]}, "properties": {}}, {"type": "Feature", "geometry": {"type": "Point", "coordinates": [-76.63234223601503, 39.3064839733341]}, "properties": {}}, {"type": "Feature", "geometry": {"type": "Point", "coordinates": [-76.65021253337761, 39.286458617947964]}, "properties": {}}, {"type": "Feature", "geometry": {"type": "Point", "coordinates": [-76.64737312431028, 39.29142078205456]}, "properties": {}}, {"type": "Feature", "geometry": {"type": "Point", "coordinates": [-76.6448010231823, 39.29501941417072]}, "properties": {}}, {"type": "Feature", "geometry": {"type": "Point", "coordinates": [-76.6470479565651, 39.30057112780828]}, "properties": {}}, {"type": "Feature", "geometry": {"type": "Point", "coordinates": [-76.64727163185736, 39.298954765440975]}, "properties": {}}, {"type": "Feature", "geometry": {"type": "Point", "coordinates": [-76.64846068131037, 39.31003419116705]}, "properties": {}}, {"type": "Feature", "geometry": {"type": "Point", "coordinates": [-76.63422174648025, 39.306285928833425]}, "properties": {}}, {"type": "Feature", "geometry": {"type": "Point", "coordinates": [-76.63821682656355, 39.295911561364576]}, "properties": {}}, {"type": "Feature", "geometry": {"type": "Point", "coordinates": [-76.64272519096377, 39.299790411237915]}, "properties": {}}, {"type": "Feature", "geometry": {"type": "Point", "coordinates": [-76.63982056107183, 39.300272553410096]}, "properties": {}}, {"type": "Feature", "geometry": {"type": "Point", "coordinates": [-76.63401640070073, 39.30049502843689]}, "properties": {}}, {"type": "Feature", "geometry": {"type": "Point", "coordinates": [-76.63884751251577, 39.28535505257615]}, "properties": {}}, {"type": "Feature", "geometry": {"type": "Point", "coordinates": [-76.64655616957565, 39.29684899779666]}, "properties": {}}, {"type": "Feature", "geometry": {"type": "Point", "coordinates": [-76.64512516361225, 39.310204028854734]}, "properties": {}}, {"type": "Feature", "geometry": {"type": "Point", "coordinates": [-76.63658022186755, 39.30631816710566]}, "properties": {}}, {"type": "Feature", "geometry": {"type": "Point", "coordinates": [-76.64314698989818, 39.309790914745676]}, "properties": {}}, {"type": "Feature", "geometry": {"type": "Point", "coordinates": [-76.640159674551, 39.31262348478704]}, "properties": {}}, {"type": "Feature", "geometry": {"type": "Point", "coordinates": [-76.65019168321905, 39.2946383326098]}, "properties": {}}, {"type": "Feature", "geometry": {"type": "Point", "coordinates": [-76.62709704413672, 39.31328258249015]}, "properties": {}}, {"type": "Feature", "geometry": {"type": "Point", "coordinates": [-76.63424545693809, 39.305068970703914]}, "properties": {}}, {"type": "Feature", "geometry": {"type": "Point", "coordinates": [-76.6471658857002, 39.28632227337227]}, "properties": {}}, {"type": "Feature", "geometry": {"type": "Point", "coordinates": [-76.64739605891565, 39.28646096450806]}, "properties": {}}, {"type": "Feature", "geometry": {"type": "Point", "coordinates": [-76.64740946992322, 39.28678533954748]}, "properties": {}}, {"type": "Feature", "geometry": {"type": "Point", "coordinates": [-76.6479494331719, 39.285495397178074]}, "properties": {}}, {"type": "Feature", "geometry": {"type": "Point", "coordinates": [-76.63774029994663, 39.28616511012542]}, "properties": {}}, {"type": "Feature", "geometry": {"type": "Point", "coordinates": [-76.64644918827709, 39.297799253753595]}, "properties": {}}, {"type": "Feature", "geometry": {"type": "Point", "coordinates": [-76.64652048221657, 39.29830434243946]}, "properties": {}}, {"type": "Feature", "geometry": {"type": "Point", "coordinates": [-76.64695221036577, 39.29660905496654]}, "properties": {}}, {"type": "Feature", "geometry": {"type": "Point", "coordinates": [-76.64600093503203, 39.29688632083769]}, "properties": {}}, {"type": "Feature", "geometry": {"type": "Point", "coordinates": [-76.64821596620928, 39.30019844611139]}, "properties": {}}, {"type": "Feature", "geometry": {"type": "Point", "coordinates": [-76.64787366883105, 39.30043100212925]}, "properties": {}}, {"type": "Feature", "geometry": {"type": "Point", "coordinates": [-76.64796632800319, 39.28749932586425]}, "properties": {}}, {"type": "Feature", "geometry": {"type": "Point", "coordinates": [-76.64806649696787, 39.287302884794194]}, "properties": {}}, {"type": "Feature", "geometry": {"type": "Point", "coordinates": [-76.6460560476101, 39.28998835303267]}, "properties": {}}, {"type": "Feature", "geometry": {"type": "Point", "coordinates": [-76.64408793228725, 39.290109025657365]}, "properties": {}}, {"type": "Feature", "geometry": {"type": "Point", "coordinates": [-76.64745974579749, 39.29256907118105]}, "properties": {}}, {"type": "Feature", "geometry": {"type": "Point", "coordinates": [-76.6442540416909, 39.292360477937756]}, "properties": {}}, {"type": "Feature", "geometry": {"type": "Point", "coordinates": [-76.63692227679395, 39.2871998280242]}, "properties": {}}, {"type": "Feature", "geometry": {"type": "Point", "coordinates": [-76.63965168062087, 39.29921287916169]}, "properties": {}}, {"type": "Feature", "geometry": {"type": "Point", "coordinates": [-76.64142881579416, 39.30148293111014]}, "properties": {}}, {"type": "Feature", "geometry": {"type": "Point", "coordinates": [-76.64736266150656, 39.28533912619673]}, "properties": {}}, {"type": "Feature", "geometry": {"type": "Point", "coordinates": [-76.64740585932502, 39.28576013242187]}, "properties": {}}, {"type": "Feature", "geometry": {"type": "Point", "coordinates": [-76.64416435606135, 39.28564907212906]}, "properties": {}}, {"type": "Feature", "geometry": {"type": "Point", "coordinates": [-76.63782320568588, 39.28637790735772]}, "properties": {}}, {"type": "Feature", "geometry": {"type": "Point", "coordinates": [-76.64739196096434, 39.29177435026672]}, "properties": {}}, {"type": "Feature", "geometry": {"type": "Point", "coordinates": [-76.64509275251045, 39.29088952407299]}, "properties": {}}, {"type": "Feature", "geometry": {"type": "Point", "coordinates": [-76.64863464567509, 39.30769982263992]}, "properties": {}}, {"type": "Feature", "geometry": {"type": "Point", "coordinates": [-76.64828546885545, 39.30759554800405]}, "properties": {}}, {"type": "Feature", "geometry": {"type": "Point", "coordinates": [-76.64204639946223, 39.31322901683155]}, "properties": {}}, {"type": "Feature", "geometry": {"type": "Point", "coordinates": [-76.63323984972443, 39.2954172214531]}, "properties": {}}, {"type": "Feature", "geometry": {"type": "Point", "coordinates": [-76.63391621299401, 39.294858708125226]}, "properties": {}}, {"type": "Feature", "geometry": {"type": "Point", "coordinates": [-76.6392984388571, 39.29564179623205]}, "properties": {}}, {"type": "Feature", "geometry": {"type": "Point", "coordinates": [-76.6424289387196, 39.29469354401249]}, "properties": {}}, {"type": "Feature", "geometry": {"type": "Point", "coordinates": [-76.62284594780729, 39.29547751621375]}, "properties": {}}, {"type": "Feature", "geometry": {"type": "Point", "coordinates": [-76.64611123633729, 39.2893110899386]}, "properties": {}}, {"type": "Feature", "geometry": {"type": "Point", "coordinates": [-76.64921624485099, 39.30864889937928]}, "properties": {}}, {"type": "Feature", "geometry": {"type": "Point", "coordinates": [-76.64958736808696, 39.30947797581616]}, "properties": {}}, {"type": "Feature", "geometry": {"type": "Point", "coordinates": [-76.64485400742645, 39.313131297751696]}, "properties": {}}, {"type": "Feature", "geometry": {"type": "Point", "coordinates": [-76.64802237132973, 39.28989821023834]}, "properties": {}}, {"type": "Feature", "geometry": {"type": "Point", "coordinates": [-76.64698562879678, 39.308317659786425]}, "properties": {}}, {"type": "Feature", "geometry": {"type": "Point", "coordinates": [-76.64662767064627, 39.30769053007957]}, "properties": {}}, {"type": "Feature", "geometry": {"type": "Point", "coordinates": [-76.64955595477184, 39.29457225274344]}, "properties": {}}, {"type": "Feature", "geometry": {"type": "Point", "coordinates": [-76.65038446748078, 39.29647709179074]}, "properties": {}}, {"type": "Feature", "geometry": {"type": "Point", "coordinates": [-76.64954888387363, 39.30844858152588]}, "properties": {}}, {"type": "Feature", "geometry": {"type": "Point", "coordinates": [-76.63981559192983, 39.28826693131387]}, "properties": {}}, {"type": "Feature", "geometry": {"type": "Point", "coordinates": [-76.63962385550724, 39.294338672216085]}, "properties": {}}, {"type": "Feature", "geometry": {"type": "Point", "coordinates": [-76.63417596982777, 39.30559158157271]}, "properties": {}}, {"type": "Feature", "geometry": {"type": "Point", "coordinates": [-76.63066819229095, 39.298019835091765]}, "properties": {}}, {"type": "Feature", "geometry": {"type": "Point", "coordinates": [-76.63877839072714, 39.28484320354488]}, "properties": {}}, {"type": "Feature", "geometry": {"type": "Point", "coordinates": [-76.64868183383032, 39.29073961844687]}, "properties": {}}, {"type": "Feature", "geometry": {"type": "Point", "coordinates": [-76.64853135971656, 39.29462030011375]}, "properties": {}}, {"type": "Feature", "geometry": {"type": "Point", "coordinates": [-76.64361546466341, 39.300871721994135]}, "properties": {}}, {"type": "Feature", "geometry": {"type": "Point", "coordinates": [-76.64383989004178, 39.310267503258004]}, "properties": {}}, {"type": "Feature", "geometry": {"type": "Point", "coordinates": [-76.63672057674978, 39.30621681670793]}, "properties": {}}, {"type": "Feature", "geometry": {"type": "Point", "coordinates": [-76.6374859839477, 39.30947035198247]}, "properties": {}}, {"type": "Feature", "geometry": {"type": "Point", "coordinates": [-76.64914546048345, 39.30729891813846]}, "properties": {}}, {"type": "Feature", "geometry": {"type": "Point", "coordinates": [-76.63598528312394, 39.29601333950195]}, "properties": {}}, {"type": "Feature", "geometry": {"type": "Point", "coordinates": [-76.64173671602167, 39.297968926613606]}, "properties": {}}, {"type": "Feature", "geometry": {"type": "Point", "coordinates": [-76.64005607260002, 39.30026254532404]}, "properties": {}}, {"type": "Feature", "geometry": {"type": "Point", "coordinates": [-76.633449975431, 39.29845730803282]}, "properties": {}}, {"type": "Feature", "geometry": {"type": "Point", "coordinates": [-76.63273236819467, 39.30569352688783]}, "properties": {}}, {"type": "Feature", "geometry": {"type": "Point", "coordinates": [-76.63771734454079, 39.30196695013115]}, "properties": {}}, {"type": "Feature", "geometry": {"type": "Point", "coordinates": [-76.64601405072109, 39.29713263004119]}, "properties": {}}, {"type": "Feature", "geometry": {"type": "Point", "coordinates": [-76.64785479968893, 39.30927530182548]}, "properties": {}}, {"type": "Feature", "geometry": {"type": "Point", "coordinates": [-76.6456290304633, 39.31018042019053]}, "properties": {}}, {"type": "Feature", "geometry": {"type": "Point", "coordinates": [-76.65024317505497, 39.287823965242254]}, "properties": {}}, {"type": "Feature", "geometry": {"type": "Point", "coordinates": [-76.64313344216973, 39.285155484411426]}, "properties": {}}, {"type": "Feature", "geometry": {"type": "Point", "coordinates": [-76.64836318770422, 39.28731698831229]}, "properties": {}}, {"type": "Feature", "geometry": {"type": "Point", "coordinates": [-76.64498168595735, 39.29002181533104]}, "properties": {}}, {"type": "Feature", "geometry": {"type": "Point", "coordinates": [-76.647420823161, 39.292335133746924]}, "properties": {}}, {"type": "Feature", "geometry": {"type": "Point", "coordinates": [-76.64569803890309, 39.29270756756602]}, "properties": {}}, {"type": "Feature", "geometry": {"type": "Point", "coordinates": [-76.6489128733976, 39.296127834187985]}, "properties": {}}, {"type": "Feature", "geometry": {"type": "Point", "coordinates": [-76.63442605761361, 39.2945282474141]}, "properties": {}}, {"type": "Feature", "geometry": {"type": "Point", "coordinates": [-76.63588394460342, 39.29273476382693]}, "properties": {}}, {"type": "Feature", "geometry": {"type": "Point", "coordinates": [-76.64081039358555, 39.29427620102512]}, "properties": {}}, {"type": "Feature", "geometry": {"type": "Point", "coordinates": [-76.63911247111977, 39.30162622328772]}, "properties": {}}, {"type": "Feature", "geometry": {"type": "Point", "coordinates": [-76.64421520867742, 39.285851141459986]}, "properties": {}}, {"type": "Feature", "geometry": {"type": "Point", "coordinates": [-76.63831318580888, 39.284723701287646]}, "properties": {}}, {"type": "Feature", "geometry": {"type": "Point", "coordinates": [-76.65088824604099, 39.28885090211527]}, "properties": {}}, {"type": "Feature", "geometry": {"type": "Point", "coordinates": [-76.64820319388296, 39.29269913447688]}, "properties": {}}, {"type": "Feature", "geometry": {"type": "Point", "coordinates": [-76.64702383095039, 39.29433524672673]}, "properties": {}}, {"type": "Feature", "geometry": {"type": "Point", "coordinates": [-76.64529366452997, 39.29591161843279]}, "properties": {}}, {"type": "Feature", "geometry": {"type": "Point", "coordinates": [-76.65041013703787, 39.29166579884423]}, "properties": {}}, {"type": "Feature", "geometry": {"type": "Point", "coordinates": [-76.64921377432708, 39.30857546615809]}, "properties": {}}, {"type": "Feature", "geometry": {"type": "Point", "coordinates": [-76.64268057996689, 39.28458293104361]}, "properties": {}}, {"type": "Feature", "geometry": {"type": "Point", "coordinates": [-76.63458878034739, 39.29510159616598]}, "properties": {}}, {"type": "Feature", "geometry": {"type": "Point", "coordinates": [-76.64038816667976, 39.29293273190212]}, "properties": {}}, {"type": "Feature", "geometry": {"type": "Point", "coordinates": [-76.63718347738809, 39.30155959506707]}, "properties": {}}, {"type": "Feature", "geometry": {"type": "Point", "coordinates": [-76.64242744267887, 39.28505975929095]}, "properties": {}}, {"type": "Feature", "geometry": {"type": "Point", "coordinates": [-76.6476197696694, 39.2921910634614]}, "properties": {}}, {"type": "Feature", "geometry": {"type": "Point", "coordinates": [-76.64877613387988, 39.29267912425245]}, "properties": {}}, {"type": "Feature", "geometry": {"type": "Point", "coordinates": [-76.64696838902614, 39.29923272167022]}, "properties": {}}, {"type": "Feature", "geometry": {"type": "Point", "coordinates": [-76.64772823257667, 39.30680741496204]}, "properties": {}}, {"type": "Feature", "geometry": {"type": "Point", "coordinates": [-76.63821191215933, 39.30780881240653]}, "properties": {}}, {"type": "Feature", "geometry": {"type": "Point", "coordinates": [-76.6427285053496, 39.3090837314012]}, "properties": {}}, {"type": "Feature", "geometry": {"type": "Point", "coordinates": [-76.64065613535703, 39.311947351154515]}, "properties": {}}, {"type": "Feature", "geometry": {"type": "Point", "coordinates": [-76.64931860542681, 39.29545005960109]}, "properties": {}}, {"type": "Feature", "geometry": {"type": "Point", "coordinates": [-76.63748970395376, 39.28835134368071]}, "properties": {}}, {"type": "Feature", "geometry": {"type": "Point", "coordinates": [-76.64268162277595, 39.28882357886863]}, "properties": {}}, {"type": "Feature", "geometry": {"type": "Point", "coordinates": [-76.64322968507905, 39.299315489074054]}, "properties": {}}, {"type": "Feature", "geometry": {"type": "Point", "coordinates": [-76.64126980664986, 39.299480050945945]}, "properties": {}}, {"type": "Feature", "geometry": {"type": "Point", "coordinates": [-76.6372317546635, 39.302246295016054]}, "properties": {}}, {"type": "Feature", "geometry": {"type": "Point", "coordinates": [-76.63086201897688, 39.3015289122301]}, "properties": {}}, {"type": "Feature", "geometry": {"type": "Point", "coordinates": [-76.64697898312114, 39.30818248529024]}, "properties": {}}, {"type": "Feature", "geometry": {"type": "Point", "coordinates": [-76.64368254193921, 39.30845356385053]}, "properties": {}}, {"type": "Feature", "geometry": {"type": "Point", "coordinates": [-76.64904504223232, 39.29016539756492]}, "properties": {}}, {"type": "Feature", "geometry": {"type": "Point", "coordinates": [-76.64669561731367, 39.28664545326651]}, "properties": {}}, {"type": "Feature", "geometry": {"type": "Point", "coordinates": [-76.64563438692251, 39.29107786208167]}, "properties": {}}, {"type": "Feature", "geometry": {"type": "Point", "coordinates": [-76.64657239483999, 39.2956340385584]}, "properties": {}}, {"type": "Feature", "geometry": {"type": "Point", "coordinates": [-76.64524857462067, 39.29432020659328]}, "properties": {}}, {"type": "Feature", "geometry": {"type": "Point", "coordinates": [-76.64873698103335, 39.300614113981496]}, "properties": {}}, {"type": "Feature", "geometry": {"type": "Point", "coordinates": [-76.64829251247201, 39.301549298448734]}, "properties": {}}, {"type": "Feature", "geometry": {"type": "Point", "coordinates": [-76.64468982695671, 39.28809367834516]}, "properties": {}}, {"type": "Feature", "geometry": {"type": "Point", "coordinates": [-76.6461534155839, 39.2903143148356]}, "properties": {}}, {"type": "Feature", "geometry": {"type": "Point", "coordinates": [-76.64429194219596, 39.2941418095217]}, "properties": {}}, {"type": "Feature", "geometry": {"type": "Point", "coordinates": [-76.64376493551313, 39.299772260898365]}, "properties": {}}, {"type": "Feature", "geometry": {"type": "Point", "coordinates": [-76.64664207342175, 39.308025389093736]}, "properties": {}}, {"type": "Feature", "geometry": {"type": "Point", "coordinates": [-76.64870028228259, 39.31105266252808]}, "properties": {}}, {"type": "Feature", "geometry": {"type": "Point", "coordinates": [-76.63665362765825, 39.3075018092976]}, "properties": {}}, {"type": "Feature", "geometry": {"type": "Point", "coordinates": [-76.64991673757412, 39.289883388395275]}, "properties": {}}, {"type": "Feature", "geometry": {"type": "Point", "coordinates": [-76.63388974110285, 39.29527881216116]}, "properties": {}}, {"type": "Feature", "geometry": {"type": "Point", "coordinates": [-76.64191148640658, 39.28813820231988]}, "properties": {}}, {"type": "Feature", "geometry": {"type": "Point", "coordinates": [-76.64799036647393, 39.28549400296602]}, "properties": {}}, {"type": "Feature", "geometry": {"type": "Point", "coordinates": [-76.63915316667236, 39.28541458185878]}, "properties": {}}, {"type": "Feature", "geometry": {"type": "Point", "coordinates": [-76.64802433820245, 39.29735894618602]}, "properties": {}}, {"type": "Feature", "geometry": {"type": "Point", "coordinates": [-76.64539127353028, 39.298232747029104]}, "properties": {}}, {"type": "Feature", "geometry": {"type": "Point", "coordinates": [-76.6496872553882, 39.31101684408749]}, "properties": {}}, {"type": "Feature", "geometry": {"type": "Point", "coordinates": [-76.6470169976926, 39.30004579579216]}, "properties": {}}, {"type": "Feature", "geometry": {"type": "Point", "coordinates": [-76.64608260103716, 39.31055374604051]}, "properties": {}}, {"type": "Feature", "geometry": {"type": "Point", "coordinates": [-76.64595347011121, 39.30926743226698]}, "properties": {}}, {"type": "Feature", "geometry": {"type": "Point", "coordinates": [-76.64622738452155, 39.312925266681276]}, "properties": {}}, {"type": "Feature", "geometry": {"type": "Point", "coordinates": [-76.65025053456753, 39.295843703196304]}, "properties": {}}, {"type": "Feature", "geometry": {"type": "Point", "coordinates": [-76.64939724301333, 39.29711066534128]}, "properties": {}}, {"type": "Feature", "geometry": {"type": "Point", "coordinates": [-76.63258458921854, 39.29484848283711]}, "properties": {}}, {"type": "Feature", "geometry": {"type": "Point", "coordinates": [-76.64073302615267, 39.289130756855144]}, "properties": {}}, {"type": "Feature", "geometry": {"type": "Point", "coordinates": [-76.64314978874977, 39.29727195972556]}, "properties": {}}, {"type": "Feature", "geometry": {"type": "Point", "coordinates": [-76.63987041533049, 39.299476705877225]}, "properties": {}}, {"type": "Feature", "geometry": {"type": "Point", "coordinates": [-76.634630774671, 39.29774231681105]}, "properties": {}}, {"type": "Feature", "geometry": {"type": "Point", "coordinates": [-76.64766441311497, 39.30564478461878]}, "properties": {}}, {"type": "Feature", "geometry": {"type": "Point", "coordinates": [-76.650949892947, 39.28658415495705]}, "properties": {}}, {"type": "Feature", "geometry": {"type": "Point", "coordinates": [-76.65079563939982, 39.31119087265431]}, "properties": {}}, {"type": "Feature", "geometry": {"type": "Point", "coordinates": [-76.64934287966089, 39.28455343534589]}, "properties": {}}, {"type": "Feature", "geometry": {"type": "Point", "coordinates": [-76.64834405177261, 39.308340228045395]}, "properties": {}}, {"type": "Feature", "geometry": {"type": "Point", "coordinates": [-76.64547331462647, 39.309694780311254]}, "properties": {}}, {"type": "Feature", "geometry": {"type": "Point", "coordinates": [-76.64624677286328, 39.312130601632575]}, "properties": {}}, {"type": "Feature", "geometry": {"type": "Point", "coordinates": [-76.6468543504681, 39.31172935920624]}, "properties": {}}, {"type": "Feature", "geometry": {"type": "Point", "coordinates": [-76.64024821644132, 39.309466985172484]}, "properties": {}}, {"type": "Feature", "geometry": {"type": "Point", "coordinates": [-76.64916655344311, 39.28583068934851]}, "properties": {}}, {"type": "Feature", "geometry": {"type": "Point", "coordinates": [-76.6360401102388, 39.29945428681353]}, "properties": {}}, {"type": "Feature", "geometry": {"type": "Point", "coordinates": [-76.63659410077273, 39.300992073494406]}, "properties": {}}, {"type": "Feature", "geometry": {"type": "Point", "coordinates": [-76.6290236563461, 39.30126070487599]}, "properties": {}}, {"type": "Feature", "geometry": {"type": "Point", "coordinates": [-76.6480361658948, 39.285926875229556]}, "properties": {}}, {"type": "Feature", "geometry": {"type": "Point", "coordinates": [-76.64106585136487, 39.28507370932815]}, "properties": {}}, {"type": "Feature", "geometry": {"type": "Point", "coordinates": [-76.64395843309393, 39.288474427211526]}, "properties": {}}, {"type": "Feature", "geometry": {"type": "Point", "coordinates": [-76.6394230557642, 39.31124364909616]}, "properties": {}}, {"type": "Feature", "geometry": {"type": "Point", "coordinates": [-76.63878583667298, 39.3118474370717]}, "properties": {}}, {"type": "Feature", "geometry": {"type": "Point", "coordinates": [-76.64911637235677, 39.30684004293037]}, "properties": {}}, {"type": "Feature", "geometry": {"type": "Point", "coordinates": [-76.64399441617836, 39.313265342829034]}, "properties": {}}, {"type": "Feature", "geometry": {"type": "Point", "coordinates": [-76.6478273268544, 39.30001792419704]}, "properties": {}}, {"type": "Feature", "geometry": {"type": "Point", "coordinates": [-76.64589541202224, 39.30612636627139]}, "properties": {}}, {"type": "Feature", "geometry": {"type": "Point", "coordinates": [-76.64411083726378, 39.30976231590215]}, "properties": {}}, {"type": "Feature", "geometry": {"type": "Point", "coordinates": [-76.6390881241024, 39.30997787724055]}, "properties": {}}, {"type": "Feature", "geometry": {"type": "Point", "coordinates": [-76.63717133654418, 39.30948085739325]}, "properties": {}}, {"type": "Feature", "geometry": {"type": "Point", "coordinates": [-76.64117750320904, 39.31180269708363]}, "properties": {}}, {"type": "Feature", "geometry": {"type": "Point", "coordinates": [-76.64746403165343, 39.28966692177793]}, "properties": {}}, {"type": "Feature", "geometry": {"type": "Point", "coordinates": [-76.64625378366937, 39.30117513110309]}, "properties": {}}, {"type": "Feature", "geometry": {"type": "Point", "coordinates": [-76.64416403144585, 39.299799680469]}, "properties": {}}, {"type": "Feature", "geometry": {"type": "Point", "coordinates": [-76.64493775802427, 39.304368384386926]}, "properties": {}}, {"type": "Feature", "geometry": {"type": "Point", "coordinates": [-76.64754258614528, 39.3095802554195]}, "properties": {}}, {"type": "Feature", "geometry": {"type": "Point", "coordinates": [-76.6436911931981, 39.31285465249471]}, "properties": {}}, {"type": "Feature", "geometry": {"type": "Point", "coordinates": [-76.63036349156138, 39.31210547949258]}, "properties": {}}, {"type": "Feature", "geometry": {"type": "Point", "coordinates": [-76.64989782610894, 39.29416644392047]}, "properties": {}}, {"type": "Feature", "geometry": {"type": "Point", "coordinates": [-76.65019601518836, 39.310227080367056]}, "properties": {}}, {"type": "Feature", "geometry": {"type": "Point", "coordinates": [-76.63912696268895, 39.28462785545116]}, "properties": {}}, {"type": "Feature", "geometry": {"type": "Point", "coordinates": [-76.65069492472998, 39.30849677570545]}, "properties": {}}, {"type": "Feature", "geometry": {"type": "Point", "coordinates": [-76.63536405090441, 39.295159276312]}, "properties": {}}, {"type": "Feature", "geometry": {"type": "Point", "coordinates": [-76.64206555089181, 39.292876367722144]}, "properties": {}}, {"type": "Feature", "geometry": {"type": "Point", "coordinates": [-76.64282449264209, 39.30153486180492]}, "properties": {}}, {"type": "Feature", "geometry": {"type": "Point", "coordinates": [-76.62937073860252, 39.30119139258498]}, "properties": {}}, {"type": "Feature", "geometry": {"type": "Point", "coordinates": [-76.64418863157685, 39.289331581051854]}, "properties": {}}, {"type": "Feature", "geometry": {"type": "Point", "coordinates": [-76.64475920128744, 39.287789266581704]}, "properties": {}}, {"type": "Feature", "geometry": {"type": "Point", "coordinates": [-76.64976750355017, 39.311453367529595]}, "properties": {}}, {"type": "Feature", "geometry": {"type": "Point", "coordinates": [-76.63961123423411, 39.31343178461804]}, "properties": {}}, {"type": "Feature", "geometry": {"type": "Point", "coordinates": [-76.6437435748188, 39.30913706715605]}, "properties": {}}, {"type": "Feature", "geometry": {"type": "Point", "coordinates": [-76.63770214514611, 39.30741684759038]}, "properties": {}}, {"type": "Feature", "geometry": {"type": "Point", "coordinates": [-76.63683740614671, 39.30730650473021]}, "properties": {}}, {"type": "Feature", "geometry": {"type": "Point", "coordinates": [-76.63801802131387, 39.311114136462]}, "properties": {}}, {"type": "Feature", "geometry": {"type": "Point", "coordinates": [-76.6304101049018, 39.30688411926464]}, "properties": {}}, {"type": "Feature", "geometry": {"type": "Point", "coordinates": [-76.64957398713393, 39.2952613553949]}, "properties": {}}, {"type": "Feature", "geometry": {"type": "Point", "coordinates": [-76.64834606932027, 39.28963766409631]}, "properties": {}}, {"type": "Feature", "geometry": {"type": "Point", "coordinates": [-76.6476982002505, 39.29491393144469]}, "properties": {}}, {"type": "Feature", "geometry": {"type": "Point", "coordinates": [-76.64535144787163, 39.3055363725999]}, "properties": {}}, {"type": "Feature", "geometry": {"type": "Point", "coordinates": [-76.64497547400356, 39.30488451749473]}, "properties": {}}, {"type": "Feature", "geometry": {"type": "Point", "coordinates": [-76.64825153902072, 39.307020622952464]}, "properties": {}}, {"type": "Feature", "geometry": {"type": "Point", "coordinates": [-76.64749704203642, 39.30845975769403]}, "properties": {}}, {"type": "Feature", "geometry": {"type": "Point", "coordinates": [-76.63437412421841, 39.295195186356025]}, "properties": {}}, {"type": "Feature", "geometry": {"type": "Point", "coordinates": [-76.64161210961656, 39.29512948456987]}, "properties": {}}, {"type": "Feature", "geometry": {"type": "Point", "coordinates": [-76.62997190833289, 39.303469727228574]}, "properties": {}}, {"type": "Feature", "geometry": {"type": "Point", "coordinates": [-76.63819139758654, 39.28503442373962]}, "properties": {}}, {"type": "Feature", "geometry": {"type": "Point", "coordinates": [-76.64752164953407, 39.289016848397566]}, "properties": {}}, {"type": "Feature", "geometry": {"type": "Point", "coordinates": [-76.64674688855881, 39.29274902894964]}, "properties": {}}, {"type": "Feature", "geometry": {"type": "Point", "coordinates": [-76.65015644928239, 39.309952163451506]}, "properties": {}}, {"type": "Feature", "geometry": {"type": "Point", "coordinates": [-76.64312763093412, 39.28786255774795]}, "properties": {}}, {"type": "Feature", "geometry": {"type": "Point", "coordinates": [-76.64326075096983, 39.29237562523462]}, "properties": {}}, {"type": "Feature", "geometry": {"type": "Point", "coordinates": [-76.63248002400606, 39.29921612482167]}, "properties": {}}, {"type": "Feature", "geometry": {"type": "Point", "coordinates": [-76.64598800500757, 39.28483936887213]}, "properties": {}}, {"type": "Feature", "geometry": {"type": "Point", "coordinates": [-76.6405150034955, 39.28585977407355]}, "properties": {}}, {"type": "Feature", "geometry": {"type": "Point", "coordinates": [-76.63819543483464, 39.28627804223834]}, "properties": {}}, {"type": "Feature", "geometry": {"type": "Point", "coordinates": [-76.63899342159377, 39.31149299799206]}, "properties": {}}, {"type": "Feature", "geometry": {"type": "Point", "coordinates": [-76.64865228725435, 39.29910234320521]}, "properties": {}}, {"type": "Feature", "geometry": {"type": "Point", "coordinates": [-76.64604274514251, 39.30871901333318]}, "properties": {}}, {"type": "Feature", "geometry": {"type": "Point", "coordinates": [-76.63715780672773, 39.30697141394438]}, "properties": {}}, {"type": "Feature", "geometry": {"type": "Point", "coordinates": [-76.63631859970118, 39.3090828443484]}, "properties": {}}, {"type": "Feature", "geometry": {"type": "Point", "coordinates": [-76.64132394547477, 39.31191174795945]}, "properties": {}}, {"type": "Feature", "geometry": {"type": "Point", "coordinates": [-76.63968639436357, 39.31214068746046]}, "properties": {}}, {"type": "Feature", "geometry": {"type": "Point", "coordinates": [-76.63286162433322, 39.29517620699186]}, "properties": {}}, {"type": "Feature", "geometry": {"type": "Point", "coordinates": [-76.63745752201214, 39.296151782181845]}, "properties": {}}, {"type": "Feature", "geometry": {"type": "Point", "coordinates": [-76.6372293079855, 39.293078978418656]}, "properties": {}}, {"type": "Feature", "geometry": {"type": "Point", "coordinates": [-76.63656570711039, 39.28893857639054]}, "properties": {}}, {"type": "Feature", "geometry": {"type": "Point", "coordinates": [-76.63809159878078, 39.29306659163033]}, "properties": {}}, {"type": "Feature", "geometry": {"type": "Point", "coordinates": [-76.63898562904086, 39.298804895840284]}, "properties": {}}, {"type": "Feature", "geometry": {"type": "Point", "coordinates": [-76.64944781763981, 39.28684639799703]}, "properties": {}}, {"type": "Feature", "geometry": {"type": "Point", "coordinates": [-76.64925090962565, 39.30922278386387]}, "properties": {}}, {"type": "Feature", "geometry": {"type": "Point", "coordinates": [-76.64362668826868, 39.31279991721335]}, "properties": {}}, {"type": "Feature", "geometry": {"type": "Point", "coordinates": [-76.64066980387595, 39.30689092986803]}, "properties": {}}, {"type": "Feature", "geometry": {"type": "Point", "coordinates": [-76.6409336642583, 39.309569784120654]}, "properties": {}}, {"type": "Feature", "geometry": {"type": "Point", "coordinates": [-76.63915534095861, 39.3104885705315]}, "properties": {}}, {"type": "Feature", "geometry": {"type": "Point", "coordinates": [-76.6431028860951, 39.3108989607846]}, "properties": {}}, {"type": "Feature", "geometry": {"type": "Point", "coordinates": [-76.64071544995556, 39.31141930197053]}, "properties": {}}, {"type": "Feature", "geometry": {"type": "Point", "coordinates": [-76.63060171779954, 39.30447135238021]}, "properties": {}}, {"type": "Feature", "geometry": {"type": "Point", "coordinates": [-76.63144232351783, 39.29789872714668]}, "properties": {}}, {"type": "Feature", "geometry": {"type": "Point", "coordinates": [-76.64650863388476, 39.28487434142213]}, "properties": {}}, {"type": "Feature", "geometry": {"type": "Point", "coordinates": [-76.64826535503403, 39.29428072816807]}, "properties": {}}, {"type": "Feature", "geometry": {"type": "Point", "coordinates": [-76.64693104052408, 39.29809640679018]}, "properties": {}}, {"type": "Feature", "geometry": {"type": "Point", "coordinates": [-76.64703779088444, 39.30895504399412]}, "properties": {}}, {"type": "Feature", "geometry": {"type": "Point", "coordinates": [-76.6374386224103, 39.29655504707534]}, "properties": {}}, {"type": "Feature", "geometry": {"type": "Point", "coordinates": [-76.63443860678221, 39.30223276413251]}, "properties": {}}, {"type": "Feature", "geometry": {"type": "Point", "coordinates": [-76.6342498026326, 39.3020486700255]}, "properties": {}}, {"type": "Feature", "geometry": {"type": "Point", "coordinates": [-76.64304471148117, 39.28496134325522]}, "properties": {}}, {"type": "Feature", "geometry": {"type": "Point", "coordinates": [-76.64687040337972, 39.291905200587514]}, "properties": {}}, {"type": "Feature", "geometry": {"type": "Point", "coordinates": [-76.64541169692914, 39.297976497420585]}, "properties": {}}, {"type": "Feature", "geometry": {"type": "Point", "coordinates": [-76.64444673308101, 39.3095874785645]}, "properties": {}}, {"type": "Feature", "geometry": {"type": "Point", "coordinates": [-76.64312744903255, 39.306035618279076]}, "properties": {}}, {"type": "Feature", "geometry": {"type": "Point", "coordinates": [-76.6348253895318, 39.30766679709241]}, "properties": {}}, {"type": "Feature", "geometry": {"type": "Point", "coordinates": [-76.64168542191977, 39.310621230740736]}, "properties": {}}, {"type": "Feature", "geometry": {"type": "Point", "coordinates": [-76.64214391891056, 39.3094919919709]}, "properties": {}}, {"type": "Feature", "geometry": {"type": "Point", "coordinates": [-76.64909527648925, 39.31103832090507]}, "properties": {}}, {"type": "Feature", "geometry": {"type": "Point", "coordinates": [-76.63273145604869, 39.29484093430618]}, "properties": {}}, {"type": "Feature", "geometry": {"type": "Point", "coordinates": [-76.63579792215249, 39.288860575302884]}, "properties": {}}, {"type": "Feature", "geometry": {"type": "Point", "coordinates": [-76.63865212735556, 39.29270932873981]}, "properties": {}}, {"type": "Feature", "geometry": {"type": "Point", "coordinates": [-76.63768191049758, 39.29857978471203]}, "properties": {}}, {"type": "Feature", "geometry": {"type": "Point", "coordinates": [-76.6371539482036, 39.300870745097924]}, "properties": {}}, {"type": "Feature", "geometry": {"type": "Point", "coordinates": [-76.6444358515192, 39.28479719218057]}, "properties": {}}, {"type": "Feature", "geometry": {"type": "Point", "coordinates": [-76.6453651552606, 39.3095072043736]}, "properties": {}}, {"type": "Feature", "geometry": {"type": "Point", "coordinates": [-76.63919552660012, 39.31101646256662]}, "properties": {}}, {"type": "Feature", "geometry": {"type": "Point", "coordinates": [-76.64946336340408, 39.287615174226325]}, "properties": {}}, {"type": "Feature", "geometry": {"type": "Point", "coordinates": [-76.64958191063712, 39.29489176311272]}, "properties": {}}, {"type": "Feature", "geometry": {"type": "Point", "coordinates": [-76.64928941808618, 39.296134383169644]}, "properties": {}}, {"type": "Feature", "geometry": {"type": "Point", "coordinates": [-76.64578465729976, 39.313110196102706]}, "properties": {}}, {"type": "Feature", "geometry": {"type": "Point", "coordinates": [-76.64444605584849, 39.284994740905375]}, "properties": {}}, {"type": "Feature", "geometry": {"type": "Point", "coordinates": [-76.64804409424003, 39.29676655408318]}, "properties": {}}, {"type": "Feature", "geometry": {"type": "Point", "coordinates": [-76.64805520722403, 39.29699876110082]}, "properties": {}}, {"type": "Feature", "geometry": {"type": "Point", "coordinates": [-76.64585625976083, 39.305631234946965]}, "properties": {}}, {"type": "Feature", "geometry": {"type": "Point", "coordinates": [-76.64833282198505, 39.30811770011074]}, "properties": {}}, {"type": "Feature", "geometry": {"type": "Point", "coordinates": [-76.64839786059277, 39.309264873191566]}, "properties": {}}, {"type": "Feature", "geometry": {"type": "Point", "coordinates": [-76.64015787612004, 39.29443702706658]}, "properties": {}}, {"type": "Feature", "geometry": {"type": "Point", "coordinates": [-76.63988904689408, 39.29969109711862]}, "properties": {}}, {"type": "Feature", "geometry": {"type": "Point", "coordinates": [-76.64663653337587, 39.294344805994136]}, "properties": {}}, {"type": "Feature", "geometry": {"type": "Point", "coordinates": [-76.648700949534, 39.297720144412686]}, "properties": {}}, {"type": "Feature", "geometry": {"type": "Point", "coordinates": [-76.64578877631952, 39.30867058286601]}, "properties": {}}, {"type": "Feature", "geometry": {"type": "Point", "coordinates": [-76.6493178608756, 39.29651139079355]}, "properties": {}}, {"type": "Feature", "geometry": {"type": "Point", "coordinates": [-76.65017018618653, 39.29727353467478]}, "properties": {}}, {"type": "Feature", "geometry": {"type": "Point", "coordinates": [-76.63680885089522, 39.295250890013335]}, "properties": {}}, {"type": "Feature", "geometry": {"type": "Point", "coordinates": [-76.63785307891523, 39.28798762160896]}, "properties": {}}, {"type": "Feature", "geometry": {"type": "Point", "coordinates": [-76.63492009879268, 39.29889834265485]}, "properties": {}}, {"type": "Feature", "geometry": {"type": "Point", "coordinates": [-76.63561519495646, 39.30218209066274]}, "properties": {}}, {"type": "Feature", "geometry": {"type": "Point", "coordinates": [-76.64015715103963, 39.30432969650229]}, "properties": {}}, {"type": "Feature", "geometry": {"type": "Point", "coordinates": [-76.62867078007247, 39.303591415815]}, "properties": {}}, {"type": "Feature", "geometry": {"type": "Point", "coordinates": [-76.64735572542124, 39.31218257262339]}, "properties": {}}, {"type": "Feature", "geometry": {"type": "Point", "coordinates": [-76.63646427989433, 39.307347304510486]}, "properties": {}}, {"type": "Feature", "geometry": {"type": "Point", "coordinates": [-76.6361387075342, 39.30665690868457]}, "properties": {}}, {"type": "Feature", "geometry": {"type": "Point", "coordinates": [-76.64985663722263, 39.297050118204524]}, "properties": {}}, {"type": "Feature", "geometry": {"type": "Point", "coordinates": [-76.64907526375647, 39.310220698765654]}, "properties": {}}, {"type": "Feature", "geometry": {"type": "Point", "coordinates": [-76.6315485461005, 39.297819538743674]}, "properties": {}}, {"type": "Feature", "geometry": {"type": "Point", "coordinates": [-76.64474309876974, 39.28975506479914]}, "properties": {}}, {"type": "Feature", "geometry": {"type": "Point", "coordinates": [-76.64485221425363, 39.29236050424578]}, "properties": {}}, {"type": "Feature", "geometry": {"type": "Point", "coordinates": [-76.64795201298703, 39.299612391878114]}, "properties": {}}, {"type": "Feature", "geometry": {"type": "Point", "coordinates": [-76.6481212536413, 39.30000770841945]}, "properties": {}}, {"type": "Feature", "geometry": {"type": "Point", "coordinates": [-76.64697374416481, 39.308111544180726]}, "properties": {}}, {"type": "Feature", "geometry": {"type": "Point", "coordinates": [-76.64179132119195, 39.297967090725294]}, "properties": {}}, {"type": "Feature", "geometry": {"type": "Point", "coordinates": [-76.63924902693034, 39.30030785440025]}, "properties": {}}, {"type": "Feature", "geometry": {"type": "Point", "coordinates": [-76.6331742074498, 39.29916333270434]}, "properties": {}}, {"type": "Feature", "geometry": {"type": "Point", "coordinates": [-76.63162314090384, 39.29995954011855]}, "properties": {}}, {"type": "Feature", "geometry": {"type": "Point", "coordinates": [-76.64735448690638, 39.291097590682604]}, "properties": {}}, {"type": "Feature", "geometry": {"type": "Point", "coordinates": [-76.64599097243907, 39.296648417973294]}, "properties": {}}, {"type": "Feature", "geometry": {"type": "Point", "coordinates": [-76.64121016492282, 39.30704525893495]}, "properties": {}}, {"type": "Feature", "geometry": {"type": "Point", "coordinates": [-76.63496797371259, 39.30750141749114]}, "properties": {}}]}